config_id	factor	level	description	dev_families	test_families	note
BASE	baseline		three rounds, 10,000 reads per round, full constants, 1% substitutions	PRJDB9110,PRJNA615076,PRJEB62495,PRJNA990511	PRJEB22637,PRJEB28411,PRJEB70964	
L08	L	8 nt	each constant keeps its inner 8 nt	PRJDB9110,PRJNA615076,PRJEB62495,PRJNA990511	PRJEB22637,PRJEB28411,PRJEB70964	
L10	L	10 nt	each constant keeps its inner 10 nt	PRJDB9110,PRJNA615076,PRJEB62495,PRJNA990511	PRJEB22637,PRJEB28411,PRJEB70964	
L12	L	12 nt	each constant keeps its inner 12 nt	PRJDB9110,PRJNA615076,PRJEB62495,PRJNA990511	PRJEB22637,PRJEB28411,PRJEB70964	
L14	L	14 nt	each constant keeps its inner 14 nt	PRJDB9110,PRJNA615076,PRJEB62495,PRJNA990511	PRJEB22637,PRJEB28411,PRJEB70964	
L16	L	16 nt	each constant keeps its inner 16 nt	PRJDB9110,PRJNA615076,PRJEB62495,PRJNA990511	PRJEB22637,PRJEB28411,PRJEB70964	
L20	L	20 nt	each constant keeps its inner 20 nt	PRJDB9110,PRJNA615076	PRJEB22637,PRJEB70964	reproduces the baseline for PRJEB62495,PRJEB28411,PRJNA990511
E0	E	0%	substitution rate 0%	PRJDB9110,PRJNA615076,PRJEB62495,PRJNA990511	PRJEB22637,PRJEB28411,PRJEB70964	
E0.5	E	0.5%	substitution rate 0.5%	PRJDB9110,PRJNA615076,PRJEB62495,PRJNA990511	PRJEB22637,PRJEB28411,PRJEB70964	
E2	E	2%	substitution rate 2%	PRJDB9110,PRJNA615076,PRJEB62495,PRJNA990511	PRJEB22637,PRJEB28411,PRJEB70964	
E5	E	5%	substitution rate 5%	PRJDB9110,PRJNA615076,PRJEB62495,PRJNA990511	PRJEB22637,PRJEB28411,PRJEB70964	
I0.1	I	0.1%	sequencing indels 0.1% per base	PRJDB9110,PRJNA615076,PRJEB62495,PRJNA990511	PRJEB22637,PRJEB28411,PRJEB70964	
I0.5	I	0.5%	sequencing indels 0.5% per base	PRJDB9110,PRJNA615076,PRJEB62495,PRJNA990511	PRJEB22637,PRJEB28411,PRJEB70964	
T1	T1		random 4-8 nt tag at each end, different in every round	PRJDB9110,PRJNA615076,PRJEB62495,PRJNA990511	PRJEB22637,PRJEB28411,PRJEB70964	
T2	T2		the same random 6 nt tag at each end in every round	PRJDB9110,PRJNA615076,PRJEB62495,PRJNA990511	PRJEB22637,PRJEB28411,PRJEB70964	
T3	T3		one random base per read before the 5' constant	PRJDB9110,PRJNA615076,PRJEB62495,PRJNA990511	PRJEB22637,PRJEB28411,PRJEB70964	
T4	T4		outermost 3'-constant base changed in the earliest round	PRJDB9110,PRJNA615076,PRJEB62495,PRJNA990511	PRJEB22637,PRJEB28411,PRJEB70964	
T5	T5		20 nt of TruSeq Read 1 read-through after the 3' constant	PRJDB9110,PRJNA615076,PRJEB62495,PRJNA990511	PRJEB22637,PRJEB28411,PRJEB70964	
A_outer_start	A	outer start	TruSeq R1 RC replaces 13 nt of the 5' constant (outer start)	PRJDB9110,PRJNA615076,PRJEB62495,PRJNA990511	PRJEB22637,PRJEB28411,PRJEB70964	
A_middle	A	middle	TruSeq R1 RC replaces 13 nt of the 5' constant (middle)	PRJDB9110,PRJNA615076,PRJEB62495,PRJNA990511	PRJEB22637,PRJEB28411,PRJEB70964	
A_inner_end	A	inner end	TruSeq R1 RC replaces 13 nt of the 5' constant (inner end)	PRJDB9110,PRJNA615076,PRJEB62495,PRJNA990511	PRJEB22637,PRJEB28411	reproduces the baseline for PRJEB70964
K_5outer	K		5' core + 4 random nt in the 5' outer sequence	PRJDB9110,PRJNA615076,PRJEB62495,PRJNA990511	PRJEB22637,PRJEB28411,PRJEB70964	
K_3outer	K		4 random nt + 3' core in the 3' outer sequence	PRJDB9110,PRJNA615076,PRJEB62495,PRJNA990511	PRJEB22637,PRJEB28411,PRJEB70964	
K_N5	K		5' core over the first 12 nt of N in 60% of middle/latest reads	PRJDB9110,PRJNA615076,PRJEB62495,PRJNA990511	PRJEB22637,PRJEB28411,PRJEB70964	
K_N3	K		3' core over the last 12 nt of N in 60% of middle/latest reads	PRJDB9110,PRJNA615076,PRJEB62495,PRJNA990511	PRJEB22637,PRJEB28411,PRJEB70964	
R_earliest	R		earliest round only	PRJDB9110,PRJNA615076,PRJEB62495,PRJNA990511	PRJEB22637,PRJEB28411,PRJEB70964	
R_latest	R		latest round only	PRJDB9110,PRJNA615076,PRJEB62495,PRJNA990511	PRJEB22637,PRJEB28411,PRJEB70964	
R_middle_latest	R		middle and latest rounds	PRJDB9110,PRJNA615076,PRJEB62495,PRJNA990511	PRJEB22637,PRJEB28411,PRJEB70964	
C50	C	50%	one donor read makes up 50% of every provided round	PRJDB9110,PRJNA615076,PRJEB62495,PRJNA990511	PRJEB22637,PRJEB28411,PRJEB70964	
C70	C	70%	one donor read makes up 70% of every provided round	PRJDB9110,PRJNA615076,PRJEB62495,PRJNA990511	PRJEB22637,PRJEB28411,PRJEB70964	
C80	C	80%	one donor read makes up 80% of every provided round	PRJDB9110,PRJNA615076,PRJEB62495,PRJNA990511	PRJEB22637,PRJEB28411,PRJEB70964	
C90	C	90%	one donor read makes up 90% of every provided round	PRJDB9110,PRJNA615076,PRJEB62495,PRJNA990511	PRJEB22637,PRJEB28411,PRJEB70964	
C99	C	99%	one donor read makes up 99% of every provided round	PRJDB9110,PRJNA615076,PRJEB62495,PRJNA990511	PRJEB22637,PRJEB28411,PRJEB70964	
C100	C	100%	one donor read makes up 100% of every provided round	PRJDB9110,PRJNA615076,PRJEB62495,PRJNA990511	PRJEB22637,PRJEB28411,PRJEB70964	
D500	D	500	500 reads per round	PRJDB9110,PRJNA615076,PRJEB62495,PRJNA990511	PRJEB22637,PRJEB28411,PRJEB70964	
D2000	D	2,000	2,000 reads per round	PRJDB9110,PRJNA615076,PRJEB62495,PRJNA990511	PRJEB22637,PRJEB28411,PRJEB70964	
D1000distinct	D	1,000 distinct	1,000 distinct N resampled to 10,000	PRJDB9110,PRJNA615076,PRJEB62495,PRJNA990511	PRJEB22637,PRJEB28411,PRJEB70964	
M50	M	50%	6-nt motif over the start of N in 50% of middle/latest reads	PRJDB9110,PRJNA615076,PRJEB62495,PRJNA990511	PRJEB22637,PRJEB28411,PRJEB70964	
M90	M	90%	6-nt motif over the start of N in 90% of middle/latest reads	PRJDB9110,PRJNA615076,PRJEB62495,PRJNA990511	PRJEB22637,PRJEB28411,PRJEB70964	
F_no3	F		no 3' constant	PRJDB9110,PRJNA615076,PRJEB62495,PRJNA990511	PRJEB22637,PRJEB28411,PRJEB70964	
F_trunc30	F		30% of reads truncated inside the 3' constant	PRJDB9110,PRJNA615076,PRJEB62495,PRJNA990511	PRJEB22637,PRJEB28411,PRJEB70964	
F_no5	F		no 5' constant	PRJDB9110,PRJNA615076,PRJEB62495,PRJNA990511	PRJEB22637,PRJEB28411,PRJEB70964	
B	B		10% of molecules N-1, 10% N+1	PRJDB9110,PRJNA615076,PRJEB62495,PRJNA990511	PRJEB22637,PRJEB28411,PRJEB70964	
O	O		every read reverse-complemented	PRJDB9110,PRJNA615076,PRJEB62495,PRJNA990511	PRJEB22637,PRJEB28411,PRJEB70964	
X1_E0.5	X1	T1 at 0.5%	tag per round with substitution rate 0.5%	PRJDB9110,PRJNA615076,PRJEB62495,PRJNA990511	PRJEB22637,PRJEB28411,PRJEB70964	
X1_E2	X1	T1 at 2%	tag per round with substitution rate 2%	PRJDB9110,PRJNA615076,PRJEB62495,PRJNA990511	PRJEB22637,PRJEB28411,PRJEB70964	
X1_E5	X1	T1 at 5%	tag per round with substitution rate 5%	PRJDB9110,PRJNA615076,PRJEB62495,PRJNA990511	PRJEB22637,PRJEB28411,PRJEB70964	
X2_L14_C70	X2	14 nt at 70%	constants of 14 nt, one read at 70%	PRJDB9110,PRJNA615076,PRJEB62495,PRJNA990511	PRJEB22637,PRJEB28411,PRJEB70964	
X2_L16_C70	X2	16 nt at 70%	constants of 16 nt, one read at 70%	PRJDB9110,PRJNA615076,PRJEB62495,PRJNA990511	PRJEB22637,PRJEB28411,PRJEB70964	
X3	X3		latest round only, motif in 90% of reads	PRJDB9110,PRJNA615076,PRJEB62495,PRJNA990511	PRJEB22637,PRJEB28411,PRJEB70964	
NC_donor	NC		donor reads alone, no constants	not applicable (no constants)	not applicable (no constants)	one run per donor x seed
NC_clone	NC		one donor read alone, no constants	not applicable (no constants)	not applicable (no constants)	one run per donor x seed
