donor	set	role	round	run_accession	n_stated	reads	modal_length	within_n2	within_n2_fraction	excluded_fraction	step3_reads	probes_start	probes_end	residue_signals	residue_max_length	residue_carrier_diversity	distinct_fraction	top_read_share	max_support_first10	max_support_last10	sample_seeds	sample_sizes	sample_sha256	sample_dir
PRJNA360902	dev	earliest	1	SRR5188404	20	10356	20	10356	1.0000	0.0000	pass	constant_5p=unknown	TruSeq_R1=AGATCGGA...(>=8nt);TruSeq_R2=AGATCGGA...(>=8nt);Nextera=CTGTCTCT...(>=8nt);smallRNA_3p=TGGAATTC...(>=8nt);constant_3p=unknown	none			0.9896	0.0003	0.354	0.375	1;2;3	1=10000;2=10000;3=10000	1=062e5c2fad2bb23138dcc0a59be6ce1a5c91a205c71c99ba33e92a8a8d8d8e5a;2=4bfe3ce6cd60d69c56a44e54496c97f51b2275a29da96ad4217c1b5097dfe516;3=a14433c5aab795b89a67942c736dd14a64f66544165fea309dac838b2f9a0aad	benchmarks/synthetic/pools/PRJNA360902
PRJNA360902	dev	middle	4	SRR5188401	20	47359	20	47359	1.0000	0.0000	pass	constant_5p=unknown	TruSeq_R1=AGATCGGA...(>=8nt);TruSeq_R2=AGATCGGA...(>=8nt);Nextera=CTGTCTCT...(>=8nt);smallRNA_3p=TGGAATTC...(>=8nt);constant_3p=unknown	none			0.6616	0.0004	0.369	0.507	1;2;3	1=10000;2=10000;3=10000	1=10cba95d10c915701148a24d8baf1b451a8774d820ab9201c3dc11dc00686409;2=a321f29b315ff5b443982da4528050cf23338dc32c48c538ad8e26b622f6d9e2;3=e9e124ad29c0be522f5dec74db32364a1fd7ff3b0d22a14b9034b58bfdb7884b	benchmarks/synthetic/pools/PRJNA360902
PRJNA360902	dev	latest	7	SRR5188398	20	739225	20	739225	1.0000	0.0000	pass	constant_5p=unknown	TruSeq_R1=AGATCGGA...(>=8nt);TruSeq_R2=AGATCGGA...(>=8nt);Nextera=CTGTCTCT...(>=8nt);smallRNA_3p=TGGAATTC...(>=8nt);constant_3p=unknown	none			0.0787	0.0121	0.414	0.564	1;2;3	1=10000;2=10000;3=10000	1=9394acb46fcf35107fd140f41519490f4dffef5aed34a0f9c9fd610c947622bb;2=9e01fb396907096fa396398254b7e7e6d53f5a2619f884c64d61735fcc3b9b63;3=2fa03dca4308c9d53f4a5cb3f2f42b79157cb58ccdd1d9fcac880ce455058ae0	benchmarks/synthetic/pools/PRJNA360902
PRJEB22637	dev	earliest	0	ERR2121976	50	1599784	50	1594843	0.9969	0.0031	pass	constant_5p=...GATGCGAG(>=8nt)	TruSeq_R1=AGATCGGA...(>=8nt);TruSeq_R2=AGATCGGA...(>=8nt);Nextera=CTGTCTCT...(>=8nt);smallRNA_3p=TGGAATTC...(>=8nt);constant_3p=AAGTCGTC...(>=8nt)	none			0.9919	0.0001	0.502	0.459	1;2;3	1=10000;2=10000;3=10000	1=7b121aea1ba60a25cfe57fb4a97c8f7f6049a6442e958bb61018ea139ada7e2b;2=6bdd8db5159aff13a85af0b8da20dee7231e9aef9f107f0f28ba92f65d9ac745;3=0bb85bbef80ebd4d90e5f5cf35ad775e54c731427ae41113ef2900424bc606d8	benchmarks/synthetic/pools/PRJEB22637
PRJEB22637	dev	middle	7	ERR2121983	50	639457	50	637046	0.9962	0.0038	pass	constant_5p=...GATGCGAG(>=8nt)	TruSeq_R1=AGATCGGA...(>=8nt);TruSeq_R2=AGATCGGA...(>=8nt);Nextera=CTGTCTCT...(>=8nt);smallRNA_3p=TGGAATTC...(>=8nt);constant_3p=AAGTCGTC...(>=8nt)	none			0.4769	0.0561	0.521	0.611	1;2;3	1=10000;2=10000;3=10000	1=5f55a3f4225f0a9ca9374076914af8570894202e3c4cb1ff72b47c469135c2ac;2=fe3df8a38a2a72761bbb7f60096ab99f6557ab35ac0923206dcba6d28561f1b9;3=c3fc2ccdc3d47584566bbb3a790044eceb858aeb8f449309be962b49d4c97dc0	benchmarks/synthetic/pools/PRJEB22637
PRJEB22637	dev	latest	15	ERR2121991	50	795563	50	793094	0.9969	0.0031	pass	constant_5p=...GATGCGAG(>=8nt)	TruSeq_R1=AGATCGGA...(>=8nt);TruSeq_R2=AGATCGGA...(>=8nt);Nextera=CTGTCTCT...(>=8nt);smallRNA_3p=TGGAATTC...(>=8nt);constant_3p=AAGTCGTC...(>=8nt)	none			0.1555	0.0963	0.566	0.574	1;2;3	1=10000;2=10000;3=10000	1=053935341f0c500fe65feacf67f1652e2df6d6b075aa8aaf0b63aba0d2a7c096;2=ec3d33b2e7973c1973864dcf2de78d4fcc6aec903dce004613d0f5f61437845d;3=c1722ea0f3c73073385fc19ec21c705e7b33e1bb095820b8c9c77e42f51ba731	benchmarks/synthetic/pools/PRJEB22637
PRJEB70964	test	earliest	1	ERR12353593	35	9502133	35	9502133	1.0000	0.0000	pass	constant_5p=...TCCGATCT(>=8nt)	TruSeq_R1=AGATCGGA...(>=8nt);TruSeq_R2=AGATCGGA...(>=8nt);Nextera=CTGTCTCT...(>=8nt);smallRNA_3p=TGGAATTC...(>=8nt);constant_3p=TCAGCCTC...(>=8nt)	none			0.9927	0.0000	0.350	0.330	101;102;103	101=10000;102=10000;103=10000	101=ea1fc92d79f777d0bd28555b1d46f5d37a6b094dad58ce6ca233a39a4c711555;102=b330b73fb96bb0d4225ce6f0b458ee0a1d31effe8835d596d9e4e5d224ddb054;103=2451e28973dd8521e2e1ed6aef6441135fc63d389e3ca608239704311f3fef17	benchmarks/synthetic/pools/PRJEB70964
PRJEB70964	test	middle	8	ERR12353599	35	9072306	35	9072306	1.0000	0.0000	pass	constant_5p=...TCCGATCT(>=8nt)	TruSeq_R1=AGATCGGA...(>=8nt);TruSeq_R2=AGATCGGA...(>=8nt);Nextera=CTGTCTCT...(>=8nt);smallRNA_3p=TGGAATTC...(>=8nt);constant_3p=TCAGCCTC...(>=8nt)	none			0.9884	0.0000	0.357	0.335	101;102;103	101=10000;102=10000;103=10000	101=580a3974ead09d28bdbebba4fb7ebca9ef4b76816d332802e62beb5ce27e17b3;102=2db863d8562bd9e089e4e8c36cc0d5996ed558a5fa50d2a803aebb66e9de354a;103=6e35da42e6b1b11c42ac144813000938287f219ee1639314a9aa7a71cbd2a4ac	benchmarks/synthetic/pools/PRJEB70964
PRJEB70964	test	latest	15	ERR12353606	35	5960615	35	5960615	1.0000	0.0000	pass	constant_5p=...TCCGATCT(>=8nt)	TruSeq_R1=AGATCGGA...(>=8nt);TruSeq_R2=AGATCGGA...(>=8nt);Nextera=CTGTCTCT...(>=8nt);smallRNA_3p=TGGAATTC...(>=8nt);constant_3p=TCAGCCTC...(>=8nt)	none			0.1921	0.1439	0.586	0.701	101;102;103	101=10000;102=10000;103=10000	101=e4a9fd2a391a4cc474d8f52e1b7cbc5c62ff7f9d29861af36dd859047e0014f3;102=c97dd61e47b485f1307aa7d147766cb7a39bf5631d5c9b36719ca6fd50a15035;103=362f545d2acf9988da5960da435567085192d141708a47160fbc698722bf39df	benchmarks/synthetic/pools/PRJEB70964
PRJEB47428	test	earliest	1	ERR7416988	40	381785	40	381785	1.0000	0.0000	pass	constant_5p=unknown	TruSeq_R1=AGATCGGA...(>=8nt);TruSeq_R2=AGATCGGA...(>=8nt);Nextera=CTGTCTCT...(>=8nt);smallRNA_3p=TGGAATTC...(>=8nt);constant_3p=unknown	none			0.9815	0.0000	0.357	0.417	101;102;103	101=10000;102=10000;103=10000	101=e1332d61c2d66c0e876dda7cc05a2133f1560f873582488d322f307354dd83ef;102=bca50962282bc204443bc86da11a8c2d84a50666c073de86f68c195760ef785c;103=920a56648b1a048e8c8af60b7a753516892cc792f6a6218e563a135e611e847d	benchmarks/synthetic/pools/PRJEB47428
PRJEB47428	test	middle	2	ERR7416989	40	307156	40	307156	1.0000	0.0000	pass	constant_5p=unknown	TruSeq_R1=AGATCGGA...(>=8nt);TruSeq_R2=AGATCGGA...(>=8nt);Nextera=CTGTCTCT...(>=8nt);smallRNA_3p=TGGAATTC...(>=8nt);constant_3p=unknown	none			0.9736	0.0000	0.332	0.417	101;102;103	101=10000;102=10000;103=10000	101=2d6d16acd7c8df34e2110061b9f5b85b4ad2d5f6da9fb2bb0adab3cd24ce0797;102=a298dd7330def9beaae66a623f689435ae1c78eb6c6804d028e09c29eb40f6ce;103=9dec4a3ff132d26c8efc6fe1e799e85cf5d3fffe785457e778e4363630945437	benchmarks/synthetic/pools/PRJEB47428
PRJEB47428	test	latest	4	ERR7416991	40	185896	40	185896	1.0000	0.0000	pass	constant_5p=unknown	TruSeq_R1=AGATCGGA...(>=8nt);TruSeq_R2=AGATCGGA...(>=8nt);Nextera=CTGTCTCT...(>=8nt);smallRNA_3p=TGGAATTC...(>=8nt);constant_3p=unknown	none			0.9360	0.0007	0.336	0.435	101;102;103	101=10000;102=10000;103=10000	101=347805c2ba7d54f54af526d057e083322809464f0512ee79b274b439f1c0adde;102=1d02a0a0472c4e0ea0a040a736ff81276a472bf03d6e2aa61382a9f350483ce1;103=4e52ab64a41d18613c6d5a091a0e7f3e86fb4434fdd8b4253ee2ada2a882d080	benchmarks/synthetic/pools/PRJEB47428
PRJEB49150	test	earliest	1	ERR8016768	40	57172	40	57172	1.0000	0.0000	pass	constant_5p=unknown	TruSeq_R1=AGATCGGA...(>=8nt);TruSeq_R2=AGATCGGA...(>=8nt);Nextera=CTGTCTCT...(>=8nt);smallRNA_3p=TGGAATTC...(>=8nt);constant_3p=unknown	none			0.9841	0.0001	0.316	0.363	101;102;103	101=10000;102=10000;103=10000	101=d96d9b956eaeddb461c3cd483cfe3a9e356feb3d97641f53e7a0ae2c53302f32;102=482ba90e40d15587186d7c762aa25c21fad5f343dd89847b5cea2b17b35c41de;103=1ca7055c1e4b4c6586ac17413f3a79ae6ec8de96677abeff7afc535ff1a8b99a	benchmarks/synthetic/pools/PRJEB49150
PRJEB49150	test	middle	2	ERR8016767	40	158685	40	158685	1.0000	0.0000	pass	constant_5p=unknown	TruSeq_R1=AGATCGGA...(>=8nt);TruSeq_R2=AGATCGGA...(>=8nt);Nextera=CTGTCTCT...(>=8nt);smallRNA_3p=TGGAATTC...(>=8nt);constant_3p=unknown	none			0.9830	0.0000	0.330	0.369	101;102;103	101=10000;102=10000;103=10000	101=beea90f13da236933ed25812f677b80b71ba38fb6b9cb9b77397f13445abd204;102=14d9083f8591047075d5810bd3c0ca2c9a4641b640b98516f1a02d9b7c87be97;103=f2726a34c381502f22dca9e21c087d15ad479ec8d401d6e678a202dbf3e0187a	benchmarks/synthetic/pools/PRJEB49150
PRJEB49150	test	latest	3	ERR8016766	40	447391	40	447391	1.0000	0.0000	pass	constant_5p=unknown	TruSeq_R1=AGATCGGA...(>=8nt);TruSeq_R2=AGATCGGA...(>=8nt);Nextera=CTGTCTCT...(>=8nt);smallRNA_3p=TGGAATTC...(>=8nt);constant_3p=unknown	none			0.9790	0.0000	0.355	0.368	101;102;103	101=10000;102=10000;103=10000	101=80746f66884849315042e9cbf6e790ef482759d78ff5b8bf4db5b7ae7ecb24d6;102=f3332bd2b4cc5ab49eeb1583d9e02d35e1182bd9e5c6e2197dcc322cdefc8c86;103=5cda5be08f84f520c816925d8f9ed731d13a93f0140cfc2b3b862402146bb7d5	benchmarks/synthetic/pools/PRJEB49150
PRJEB25907	candidate	earliest	1	ERR2504060	40	186402	40	186402	1.0000	0.0000	pass	constant_5p=TCCCAA(>=6nt)	TruSeq_R1=AGATCGGA...(>=8nt);TruSeq_R2=AGATCGGA...(>=8nt);Nextera=CTGTCTCT...(>=8nt);smallRNA_3p=TGGAATTC...(>=8nt);constant_3p=GCGC(too short, <6nt)	none			0.9946	0.0000	0.392	0.345	101;102;103	101=10000;102=10000;103=10000	101=5b70b090635165f3bc1569ba6c81456bcd0bf0a33b43a1ea7170c1906b73c7dc;102=554b02a5813452111cdc90551e00d3ff006fcfa72d045ba01059d3268fda3420;103=b37f80443e24c628b3b12b65a9e8b5719ed0513e04ecae5745840c01a2d1fad8	benchmarks/synthetic/pools/PRJEB25907
PRJEB25907	candidate	middle	2	ERR2504061	40	215772	40	215772	1.0000	0.0000	pass	constant_5p=TCCCAA(>=6nt)	TruSeq_R1=AGATCGGA...(>=8nt);TruSeq_R2=AGATCGGA...(>=8nt);Nextera=CTGTCTCT...(>=8nt);smallRNA_3p=TGGAATTC...(>=8nt);constant_3p=GCGC(too short, <6nt)	none			0.9913	0.0001	0.469	0.372	101;102;103	101=10000;102=10000;103=10000	101=9978f9a9d68dfc5d9e663406a0020c6653b106cd4239d0f716ba7a4a54eb9be6;102=8de348174f19ed8d96b39ad9e9988ac0eebeebc8a9ce48c6031219f280a2529c;103=a28e11df5073a30c81650e08d20f5d6c8a5fca3c0b7a2b06de9f2c9dda5cd1e6	benchmarks/synthetic/pools/PRJEB25907
PRJEB25907	candidate	latest	4	ERR2504063	40	171491	40	171491	1.0000	0.0000	pass	constant_5p=TCCCAA(>=6nt)	TruSeq_R1=AGATCGGA...(>=8nt);TruSeq_R2=AGATCGGA...(>=8nt);Nextera=CTGTCTCT...(>=8nt);smallRNA_3p=TGGAATTC...(>=8nt);constant_3p=GCGC(too short, <6nt)	none			0.6202	0.0086	0.590	0.428	101;102;103	101=10000;102=10000;103=10000	101=eb26934609f40ac49fad4b3b14c923eeb43e9d7d8f43100cda14d84824c4c1d1;102=21ecc71b460c6f2bc3b7ea627fb45f6259d61b77fe3f5463fbba21810a543ad9;103=ff92e91088728bfa26a146aabc819503a1e5379b55e29b0b5bcc63377efcc3ef	benchmarks/synthetic/pools/PRJEB25907
PRJEB51212	candidate	earliest	0	ERR8972346	20	3928345	21	3928345	1.0000	0.0000	fail: modal length 21 != N 20	constant_5p=unknown	TruSeq_R1=AGATCGGA...(>=8nt);TruSeq_R2=AGATCGGA...(>=8nt);Nextera=CTGTCTCT...(>=8nt);smallRNA_3p=TGGAATTC...(>=8nt);constant_3p=unknown	none			0.9958	0.0000	0.318	0.443	101;102;103	101=10000;102=10000;103=10000	101=f96a5c00fdae6e7f6839c9f3a5211ca67d444c3e412539bfec3ad60a2992f443;102=80c848e8f55e31f0d81ba2c00f59d48a24875b1b4653f8146cbb8e1463e9b33b;103=5e4be07fd28f9d3ff9337584c93fe0f4331b8063c0b2848fb57d08fc08de58d8	benchmarks/synthetic/pools/PRJEB51212
PRJEB51212	candidate	middle	1	ERR8972349	20	2693826	21	2693826	1.0000	0.0000	fail: modal length 21 != N 20	constant_5p=unknown	TruSeq_R1=AGATCGGA...(>=8nt);TruSeq_R2=AGATCGGA...(>=8nt);Nextera=CTGTCTCT...(>=8nt);smallRNA_3p=TGGAATTC...(>=8nt);constant_3p=unknown	none			0.9953	0.0000	0.323	0.398	101;102;103	101=10000;102=10000;103=10000	101=a0b8c1319c59866442266229532fdb5e645c17a7ae795dbdf55e413fb07738ec;102=96a2959d16c55ad6384326033bccc2be4d6bd7f39be722509f1c6ac195f3717a;103=97f0a745e9e98366111375422902ec936313616c5d4890e3b55b7bf172fb5607	benchmarks/synthetic/pools/PRJEB51212
PRJEB51212	candidate	latest	6	ERR8972373	20	4798053	21	4798053	1.0000	0.0000	fail: modal length 21 != N 20	constant_5p=unknown	TruSeq_R1=AGATCGGA...(>=8nt);TruSeq_R2=AGATCGGA...(>=8nt);Nextera=CTGTCTCT...(>=8nt);smallRNA_3p=TGGAATTC...(>=8nt);constant_3p=unknown	none			0.9720	0.0000	0.355	0.384	101;102;103	101=10000;102=10000;103=10000	101=f94a048420f91cb55b9acd02da3f670f2ac6cb1e09224c9e5862ae43466420f0;102=d9e3cd547799d9f550705103cd6347983ab1cbef69996dbf23a14e482bc3b917;103=163c4f7ece4e5dacb53edc291b6fdd8ffced683e89d23611f44a2788195ede2e	benchmarks/synthetic/pools/PRJEB51212
PRJEB51473	candidate	earliest	0	ERR9130374	20	378209	21	378209	1.0000	0.0000	fail: modal length 21 != N 20	constant_5p=unknown	TruSeq_R1=AGATCGGA...(>=8nt);TruSeq_R2=AGATCGGA...(>=8nt);Nextera=CTGTCTCT...(>=8nt);smallRNA_3p=TGGAATTC...(>=8nt);constant_3p=unknown	none			0.9998	0.0000	0.282	0.985	101;102;103	101=10000;102=10000;103=10000	101=fe8632abe326ccfa8f1eeef95b116f9a54a177b36405d838874621d5094ef30b;102=a509643afebbc27bebcd9ac9f40a6dbeed157df5942c4151bca6e87cf9b6f540;103=ce79f87bf933177e35ecd6f26c41fd9dad18e4628dd4834c565928229c74c3fc	benchmarks/synthetic/pools/PRJEB51473
PRJEB51473	candidate	middle	1	ERR9130380	20	467962	21	467962	1.0000	0.0000	fail: modal length 21 != N 20	constant_5p=unknown	TruSeq_R1=AGATCGGA...(>=8nt);TruSeq_R2=AGATCGGA...(>=8nt);Nextera=CTGTCTCT...(>=8nt);smallRNA_3p=TGGAATTC...(>=8nt);constant_3p=unknown	none			0.9990	0.0000	0.292	0.983	101;102;103	101=10000;102=10000;103=10000	101=6d5b60d7125c93a7f06ede52d826dacefff481f8359307855e00ffa78280e6a8;102=ddf3b943cf394ec33656a7156001328765a7d97f791fd4101024c2b67b0d36db;103=a47dbdc0ac37a624f237cecbecea25e5ad5c56b7e7c811e22076f00da9b4d48b	benchmarks/synthetic/pools/PRJEB51473
PRJEB51473	candidate	latest	6	ERR9130404	20	322692	21	322692	1.0000	0.0000	fail: modal length 21 != N 20	constant_5p=unknown	TruSeq_R1=AGATCGGA...(>=8nt);TruSeq_R2=AGATCGGA...(>=8nt);Nextera=CTGTCTCT...(>=8nt);smallRNA_3p=TGGAATTC...(>=8nt);constant_3p=unknown	none			0.9891	0.0001	0.380	0.977	101;102;103	101=10000;102=10000;103=10000	101=9725b6b255cfdffe02360cfe90b8d9585f4a0cc163f60a7139e1373cbf38f07d;102=b0fd0e00260d0359476453bd6038ee0166b69bacf3d9cf2d0e371dd77d66761b;103=79ab76973a4deafce174e2105cafa687648cc2a6548d6e45ba55ab6cc7bea846	benchmarks/synthetic/pools/PRJEB51473
PRJNA741127	candidate	earliest	0	SRR14903906	16	2688588	16	2688588	1.0000	0.0000	pass	constant_5p=CGC(too short, <6nt)	TruSeq_R1=AGATCGGA...(>=8nt);TruSeq_R2=AGATCGGA...(>=8nt);Nextera=CTGTCTCT...(>=8nt);smallRNA_3p=TGGAATTC...(>=8nt);constant_3p=CCTGGAAT...(>=8nt)	none			0.9952	0.0000	0.272	0.270	101;102;103	101=10000;102=10000;103=10000	101=56ef67020edf8ed54770aacd310faaf69d1e9d5536be65220182217002f8541e;102=f550972864d4e02a373eb63ebf0a7d806df5be6addea47c792e21d3d0f2c1395;103=814eea150bbc59c3dd1a2a752e4158b12f288a68e9585aad8b32bd87c3ee1d18	benchmarks/synthetic/pools/PRJNA741127
PRJNA741127	candidate	middle	1	SRR14903907	16	3161418	16	3161418	1.0000	0.0000	pass	constant_5p=CGC(too short, <6nt)	TruSeq_R1=AGATCGGA...(>=8nt);TruSeq_R2=AGATCGGA...(>=8nt);Nextera=CTGTCTCT...(>=8nt);smallRNA_3p=TGGAATTC...(>=8nt);constant_3p=CCTGGAAT...(>=8nt)	none			0.9889	0.0000	0.327	0.324	101;102;103	101=10000;102=10000;103=10000	101=0653ab1c00ba7557f5a82d6a1d4c9793a7e0294489712c40ae251f686b986296;102=d308f5a7797b0df1eb097829b15f1f3e6d3aca9694782ff5ef510c2fe1eb73a9;103=fa196e59aa9dcffbe241c9dc9d2abf64f56a7c96236983b59a0600c0f713a9a9	benchmarks/synthetic/pools/PRJNA741127
PRJNA741127	candidate	latest	2	SRR14903908	16	2881675	16	2881675	1.0000	0.0000	pass	constant_5p=CGC(too short, <6nt)	TruSeq_R1=AGATCGGA...(>=8nt);TruSeq_R2=AGATCGGA...(>=8nt);Nextera=CTGTCTCT...(>=8nt);smallRNA_3p=TGGAATTC...(>=8nt);constant_3p=CCTGGAAT...(>=8nt)	none			0.8972	0.0000	0.408	0.406	101;102;103	101=10000;102=10000;103=10000	101=fb2083ada7375ce28a5ad983309f0da295796b1989dabf8ce031b1d95d87a5ed;102=ddb83c538fd53f65bc389ae6ab3c81977f762e74803edbed37975545dc1ac48c;103=5a6e9c91f59643a23391d661266aa69db001eccacb554e530f9ba34b8f94e963	benchmarks/synthetic/pools/PRJNA741127
