donor	set	n_stated	chemistry	trajectory	role	round	run_accession	sample_title	ena_read_count	round_source	retained_reads	excluded_fraction	sample_sha256	notes
PRJNA360902	dev	20	DNA	HT-SELEX_Ciona_robusta_GATA4_5_6	earliest	1	SRR5188404	HT-SELEX_Ciona_robusta_GATA4_5_6_rd1	10356	sample title (selexprep parser)	10356	0.0000	1=062e5c2fad2bb23138dcc0a59be6ce1a5c91a205c71c99ba33e92a8a8d8d8e5a;2=4bfe3ce6cd60d69c56a44e54496c97f51b2275a29da96ad4217c1b5097dfe516;3=a14433c5aab795b89a67942c736dd14a64f66544165fea309dac838b2f9a0aad	
PRJNA360902	dev	20	DNA	HT-SELEX_Ciona_robusta_GATA4_5_6	middle	4	SRR5188401	HT-SELEX_Ciona_robusta_GATA4_5_6_rd4	47359	sample title (selexprep parser)	47359	0.0000	1=10cba95d10c915701148a24d8baf1b451a8774d820ab9201c3dc11dc00686409;2=a321f29b315ff5b443982da4528050cf23338dc32c48c538ad8e26b622f6d9e2;3=e9e124ad29c0be522f5dec74db32364a1fd7ff3b0d22a14b9034b58bfdb7884b	
PRJNA360902	dev	20	DNA	HT-SELEX_Ciona_robusta_GATA4_5_6	latest	7	SRR5188398	HT-SELEX_Ciona_robusta_GATA4_5_6_rd7	739225	sample title (selexprep parser)	739225	0.0000	1=9394acb46fcf35107fd140f41519490f4dffef5aed34a0f9c9fd610c947622bb;2=9e01fb396907096fa396398254b7e7e6d53f5a2619f884c64d61735fcc3b9b63;3=2fa03dca4308c9d53f4a5cb3f2f42b79157cb58ccdd1d9fcac880ce455058ae0	
PRJEB22637	dev	50	2'-F-Py RNA	cell-SELEX	earliest	0	ERR2121976	Starting library	1599784	sample title 'Starting library' (naive pool)	1594843	0.0031	1=7b121aea1ba60a25cfe57fb4a97c8f7f6049a6442e958bb61018ea139ada7e2b;2=6bdd8db5159aff13a85af0b8da20dee7231e9aef9f107f0f28ba92f65d9ac745;3=0bb85bbef80ebd4d90e5f5cf35ad775e54c731427ae41113ef2900424bc606d8	unassigned by the parser; round 0 from its title
PRJEB22637	dev	50	2'-F-Py RNA	cell-SELEX	middle	7	ERR2121983	Round 7	639457	sample title (selexprep parser)	637046	0.0038	1=5f55a3f4225f0a9ca9374076914af8570894202e3c4cb1ff72b47c469135c2ac;2=fe3df8a38a2a72761bbb7f60096ab99f6557ab35ac0923206dcba6d28561f1b9;3=c3fc2ccdc3d47584566bbb3a790044eceb858aeb8f449309be962b49d4c97dc0	
PRJEB22637	dev	50	2'-F-Py RNA	cell-SELEX	latest	15	ERR2121991	Round 15	795563	sample title (selexprep parser)	793094	0.0031	1=053935341f0c500fe65feacf67f1652e2df6d6b075aa8aaf0b63aba0d2a7c096;2=ec3d33b2e7973c1973864dcf2de78d4fcc6aec903dce004613d0f5f61437845d;3=c1722ea0f3c73073385fc19ec21c705e7b33e1bb095820b8c9c77e42f51ba731	
PRJEB70964	test	35	2'-F-Py RNA	SELEX S1	earliest	1	ERR12353593	SELEX S1 Round 01	9502133	sample title (selexprep parser)	9502133	0.0000	101=ea1fc92d79f777d0bd28555b1d46f5d37a6b094dad58ce6ca233a39a4c711555;102=b330b73fb96bb0d4225ce6f0b458ee0a1d31effe8835d596d9e4e5d224ddb054;103=2451e28973dd8521e2e1ed6aef6441135fc63d389e3ca608239704311f3fef17	
PRJEB70964	test	35	2'-F-Py RNA	SELEX S1	middle	8	ERR12353599	SELEX S1 Round 08	9072306	sample title (selexprep parser)	9072306	0.0000	101=580a3974ead09d28bdbebba4fb7ebca9ef4b76816d332802e62beb5ce27e17b3;102=2db863d8562bd9e089e4e8c36cc0d5996ed558a5fa50d2a803aebb66e9de354a;103=6e35da42e6b1b11c42ac144813000938287f219ee1639314a9aa7a71cbd2a4ac	
PRJEB70964	test	35	2'-F-Py RNA	SELEX S1	latest	15	ERR12353606	SELEX S1 Round 15	5960615	sample title (selexprep parser)	5960615	0.0000	101=e4a9fd2a391a4cc474d8f52e1b7cbc5c62ff7f9d29861af36dd859047e0014f3;102=c97dd61e47b485f1307aa7d147766cb7a39bf5631d5c9b36719ca6fd50a15035;103=362f545d2acf9988da5960da435567085192d141708a47160fbc698722bf39df	
PRJEB47428	test	40	RNA	ELAVL1_GC40NCACTTC_AAU_C	earliest	1	ERR7416988	ELAVL1_GC40NCACTTC_AAU_C_Cycle1	381785	sample title (selexprep parser)	381785	0.0000	101=e1332d61c2d66c0e876dda7cc05a2133f1560f873582488d322f307354dd83ef;102=bca50962282bc204443bc86da11a8c2d84a50666c073de86f68c195760ef785c;103=920a56648b1a048e8c8af60b7a753516892cc792f6a6218e563a135e611e847d	
PRJEB47428	test	40	RNA	ELAVL1_GC40NCACTTC_AAU_C	middle	2	ERR7416989	ELAVL1_GC40NCACTTC_AAU_C_Cycle2	307156	sample title (selexprep parser)	307156	0.0000	101=2d6d16acd7c8df34e2110061b9f5b85b4ad2d5f6da9fb2bb0adab3cd24ce0797;102=a298dd7330def9beaae66a623f689435ae1c78eb6c6804d028e09c29eb40f6ce;103=9dec4a3ff132d26c8efc6fe1e799e85cf5d3fffe785457e778e4363630945437	
PRJEB47428	test	40	RNA	ELAVL1_GC40NCACTTC_AAU_C	latest	4	ERR7416991	ELAVL1_GC40NCACTTC_AAU_C_Cycle4	185896	sample title (selexprep parser)	185896	0.0000	101=347805c2ba7d54f54af526d057e083322809464f0512ee79b274b439f1c0adde;102=1d02a0a0472c4e0ea0a040a736ff81276a472bf03d6e2aa61382a9f350483ce1;103=4e52ab64a41d18613c6d5a091a0e7f3e86fb4434fdd8b4253ee2ada2a882d080	
PRJEB49150	test	40	DNA	NACC1_CC40NTGAGTAYWCA	earliest	1	ERR8016768	NACC1_CC40NTGAGTAYWCA1	57172	sample title suffix, documented by the publication	57172	0.0000	101=d96d9b956eaeddb461c3cd483cfe3a9e356feb3d97641f53e7a0ae2c53302f32;102=482ba90e40d15587186d7c762aa25c21fad5f343dd89847b5cea2b17b35c41de;103=1ca7055c1e4b4c6586ac17413f3a79ae6ec8de96677abeff7afc535ff1a8b99a	publication (Genes Dev 2022, doi:10.1101/gad.348993.121): bound populations sequenced after all three selection cycles; three runs per protein with suffixes 1-3 (amendment 1, rule 1)
PRJEB49150	test	40	DNA	NACC1_CC40NTGAGTAYWCA	middle	2	ERR8016767	NACC1_CC40NTGAGTAYWCA2	158685	sample title suffix, documented by the publication	158685	0.0000	101=beea90f13da236933ed25812f677b80b71ba38fb6b9cb9b77397f13445abd204;102=14d9083f8591047075d5810bd3c0ca2c9a4641b640b98516f1a02d9b7c87be97;103=f2726a34c381502f22dca9e21c087d15ad479ec8d401d6e678a202dbf3e0187a	publication (Genes Dev 2022, doi:10.1101/gad.348993.121): bound populations sequenced after all three selection cycles; three runs per protein with suffixes 1-3 (amendment 1, rule 1)
PRJEB49150	test	40	DNA	NACC1_CC40NTGAGTAYWCA	latest	3	ERR8016766	NACC1_CC40NTGAGTAYWCA3	447391	sample title suffix, documented by the publication	447391	0.0000	101=80746f66884849315042e9cbf6e790ef482759d78ff5b8bf4db5b7ae7ecb24d6;102=f3332bd2b4cc5ab49eeb1583d9e02d35e1182bd9e5c6e2197dcc322cdefc8c86;103=5cda5be08f84f520c816925d8f9ed731d13a93f0140cfc2b3b862402146bb7d5	publication (Genes Dev 2022, doi:10.1101/gad.348993.121): bound populations sequenced after all three selection cycles; three runs per protein with suffixes 1-3 (amendment 1, rule 1)
PRJEB25907	test	40	RNA	BOLL_TCCCAA40NGCGC_AAG	earliest	1	ERR2504060	BOLL_TCCCAA40NGCGC_AAG_1	186402	sample alias suffix, documented by the publication (amendment 1)	186402	0.0000	101=5b70b090635165f3bc1569ba6c81456bcd0bf0a33b43a1ea7170c1906b73c7dc;102=554b02a5813452111cdc90551e00d3ff006fcfa72d045ba01059d3268fda3420;103=b37f80443e24c628b3b12b65a9e8b5719ed0513e04ecae5745840c01a2d1fad8	HTR-SELEX (Jolma et al. 2020, Genome Res, doi:10.1101/gr.258848.119); admitted by the donor screen (amendment 3)
PRJEB25907	test	40	RNA	BOLL_TCCCAA40NGCGC_AAG	middle	2	ERR2504061	BOLL_TCCCAA40NGCGC_AAG_2	215772	sample alias suffix, documented by the publication (amendment 1)	215772	0.0000	101=9978f9a9d68dfc5d9e663406a0020c6653b106cd4239d0f716ba7a4a54eb9be6;102=8de348174f19ed8d96b39ad9e9988ac0eebeebc8a9ce48c6031219f280a2529c;103=a28e11df5073a30c81650e08d20f5d6c8a5fca3c0b7a2b06de9f2c9dda5cd1e6	HTR-SELEX (Jolma et al. 2020, Genome Res, doi:10.1101/gr.258848.119); admitted by the donor screen (amendment 3)
PRJEB25907	test	40	RNA	BOLL_TCCCAA40NGCGC_AAG	latest	4	ERR2504063	BOLL_TCCCAA40NGCGC_AAG_4	171491	sample alias suffix, documented by the publication (amendment 1)	171491	0.0000	101=eb26934609f40ac49fad4b3b14c923eeb43e9d7d8f43100cda14d84824c4c1d1;102=21ecc71b460c6f2bc3b7ea627fb45f6259d61b77fe3f5463fbba21810a543ad9;103=ff92e91088728bfa26a146aabc819503a1e5379b55e29b0b5bcc63377efcc3ef	HTR-SELEX (Jolma et al. 2020, Genome Res, doi:10.1101/gr.258848.119); admitted by the donor screen (amendment 3)
PRJNA741127	test	16	DNA	Fkh1 test series	earliest	0	SRR14903906	R0_test	2688588	GEO GSE178811 sample characteristics (round)	2688588	0.0000	101=56ef67020edf8ed54770aacd310faaf69d1e9d5536be65220182217002f8541e;102=f550972864d4e02a373eb63ebf0a7d806df5be6addea47c792e21d3d0f2c1395;103=814eea150bbc59c3dd1a2a752e4158b12f288a68e9585aad8b32bd87c3ee1d18	SELEX-seq (PMID 37177995); round 0 is the in vitro library, no protein (amendment 1, rule 3); admitted by the donor screen (amendment 3)
PRJNA741127	test	16	DNA	Fkh1 test series	middle	1	SRR14903907	Fkh1_R1_test	3161418	GEO GSE178811 sample characteristics (round)	3161418	0.0000	101=0653ab1c00ba7557f5a82d6a1d4c9793a7e0294489712c40ae251f686b986296;102=d308f5a7797b0df1eb097829b15f1f3e6d3aca9694782ff5ef510c2fe1eb73a9;103=fa196e59aa9dcffbe241c9dc9d2abf64f56a7c96236983b59a0600c0f713a9a9	SELEX-seq (PMID 37177995); round 0 is the in vitro library, no protein (amendment 1, rule 3); admitted by the donor screen (amendment 3)
PRJNA741127	test	16	DNA	Fkh1 test series	latest	2	SRR14903908	Fkh1_R2_test	2881675	GEO GSE178811 sample characteristics (round)	2881675	0.0000	101=fb2083ada7375ce28a5ad983309f0da295796b1989dabf8ce031b1d95d87a5ed;102=ddb83c538fd53f65bc389ae6ab3c81977f762e74803edbed37975545dc1ac48c;103=5a6e9c91f59643a23391d661266aa69db001eccacb554e530f9ba34b8f94e963	SELEX-seq (PMID 37177995); round 0 is the in vitro library, no protein (amendment 1, rule 3); admitted by the donor screen (amendment 3)
