accession	n_random_text	n_stated	chemistry	study_title	step1_candidate	runs_total	runs_with_fastq	runs_compatible	step2_length	trajectory	trajectory_rounds	chosen_rounds	chosen_runs	chosen_min_reads	step6_trajectory	step7_independent	documentation_source	decision	reason
PRJDB19098			RNA	HT-SELEX against reombinant human FGF-9	no													excluded	no single stated N
PRJDB19137			RNA	HT-SELEX against reombinant mouse ST2	no													excluded	no single stated N
PRJDB19138	30-mer	30	RNA	HT-SELEX against reombinant human FGF-9 with 30mer library	yes	5	5	0	fail						fail	pass		excluded	failed step2_length, step6_trajectory
PRJDB19139			RNA	HT-SELEX against reombinant human LH	no													excluded	no single stated N
PRJDB19140	3% doped library		RNA	HT-SELEX against reombinant human LH with 3% doped library	no													excluded	no single stated N
PRJDB19141	8% doped library		RNA	HT-SELEX against reombinant human LH with 8% doped library	no													excluded	no single stated N
PRJDB40016			RNA	HT-SELEX against recombinant RBD-His protein	no													excluded	no single stated N
PRJDB40017			RNA	HT-SELEX against recombinant rhNR4A1	no													excluded	no single stated N
PRJDB40584			DNA	Selection of High Sensitivity Aptamers as the Binding Molecule Equipage on gFET-Based Aptasensors for the Quantification of Staphylococcus aureus (MRSA)	no													excluded	no single stated N
PRJDB7696	N32	32	double-stranded DNA	CASTing analysis of Smad3 or Smad4 overexpressed in 293T cells	yes	2	2	0	fail						fail	pass		excluded	failed step2_length, step6_trajectory
PRJDB9110			RNA	HT-SELEX against human transglutaminase 2	no													excluded	no single stated N
PRJDB9111			RNA	HT-SELEX against human intergrin alphaV beta3	no													excluded	no single stated N
PRJEB111361			single-stranded DNA (ssDNA)	High-throughput sequencing of SELEX rounds to identify enriched aptamer sequences.	no													excluded	no single stated N
PRJEB114397				This study identifies an aptamer that selectively binds to perfluorooctanoic acid (PFOA). Upon binding, the aptamer produces fluorescence, which can be used to detect and provide semi-quantitative measurements of PFOA in water matrices.	no													excluded	no single stated N
PRJEB14550	40	40	DNA alphabet	MODER: Efficient discovery of the modular structure of monomeric and dimeric transcription factor binding motifs	yes	8	8	8	pass						pending	pass	ENA sample_alias (FLI1_FL_1_KX_..., HOXB13_FL_3_KX_...)	pending	a number sits in the alias where the lab's naming puts the cycle, but it is not labelled as a cycle; the publication decides
PRJEB14744	14, 20, 30 or 40 bases (varies by ligand design)		synthetic DNA	"Additional sequencing coverage for the study by Jolma et al 2013, “DNA-binding specificities of human Transcription factors. This new deeper sequencing data has been used in the publication ""Transcription factor family‐specific DNA shape readout revealed by quantitative specificity models”"	no													excluded	no single stated N
PRJEB14923				Multiparameter functional diversity of human C2H2 zinc finger proteins	no													excluded	no single stated N
PRJEB20112				Background sequencing data for SELEX	no													excluded	no single stated N
PRJEB20652			DNA sequences	Here we show how one transcription factor bind to two distinct motifs with similar binding affinities.	no													excluded	no single stated N
PRJEB22637			2'F-pyrimidine RNA	Cell-SELEX identify an aptamer named ACE4 against the Annexin A2	no													excluded	current donor
PRJEB22684	101 or 154 bp randomized regions		DNA	Analysis of transcription factor binding on nucleosomal DNA	no													excluded	no single stated N
PRJEB25690			DNA	Accurate and Sensitive Quantification of Protein-DNA Binding Affinity	no													excluded	no single stated N
PRJEB25907	40	40	RNA	Binding specificities of human RNA binding proteins towards structured and linear RNA sequences	yes	526	526	514	pass						pending	pass	ENA sample_alias (BOLL_TGTTCG40NGAC_EMJ_4, ...)	pending	trailing alias number read as the cycle only by naming convention; the publication decides
PRJEB28303	N40	40	ssDNA	Differential binding cell-SELEX: method for identification of cell specific aptamers by high throughput sequencing	yes	4	4	4	pass		P4,P11				fail	pass	ENA sample_alias (Diff_bind..._P4_..., ..._P11_...)	excluded	step 6 (documented): two cell-SELEX pools (passages 4 and 11) compared for differential binding: two rounds
PRJEB28411	N40	40	ssDNA	Differential binding cell-SELEX: method for identification of cell specific aptamers by high throughput sequencing	yes	12	12	12	pass		4,11				fail	pass	curated round map (benchmarks/round_maps)	excluded	step 6 (documented): two rounds
PRJEB29730			DNA	HT-SELEX dataset of Ciona robusta transcription factors	no													excluded	no single stated N
PRJEB38961			DNA sequences	HT-SELEX of recombinant C2H2 zinc finger domain of Sall4	no													excluded	no single stated N
PRJEB46967	N40	40	DNA	In Vitro Selection of DNA Molecules Favouring Intramolecular Circularization by DNA Ligase	yes	1	1	0	fail						fail	pass		excluded	failed step2_length, step6_trajectory
PRJEB47428	40 (40N randomised region)	40	RNA	"HTR-SELEX rawdata for experiments performed with 23 RNA binding proteins for the study: ""PRIESSTESS: interpretable, high-performing models of the sequence and structure preferences of RNA binding proteins"""	no													excluded	current donor
PRJEB48966	40 (40N randomised region, per TT40NTACAGC ligand)	40	DNA	"HT-SELEX and genomic HT-SELEX rawdata for experiments performed with 4 C2H2 zinc finger transcription factors for the study: "" Alternate binding modes of human C2H2 TFs"""	yes	13	13	0	fail						fail	pass		excluded	failed step2_length, step6_trajectory
PRJEB49150	40 bp	40	DNA	HT-SELEX data for three BEN DNA binding domain transcription factors (NACC1, NACC2, BEND3-BD4) associated with this study.	no													excluded	current donor
PRJEB50172	80 randomized nucleotides	80	single-stranded DNA library transcribed into RNA:DNA duplexes	Discovery of serotonin-inducible regulatory switches governing the activity of the Rho helicase	yes	2	2	0	fail						fail	pass		excluded	failed step2_length, step6_trajectory
PRJEB51212	20 bp random sequences	20	double-stranded DNA	HT-SELEX of recombinant C2H2 zinc finger domains of Sall4	yes	39	39	39	pass	ZFC1 of Sall4 (with the cycle-0 input library)	0,1,3,6	0,1,6	ERR8972346,ERR8972349,ERR8972373		pass	pass	ArrayExpress E-MTAB-11484 SDRF: selex cycle, construct	to all-read check	steps 3-5 pending (reads and documentation)
PRJEB51473	20 bp random sequences	20	double-stranded DNA	HT-SELEX of wild-type and mutated versions of recombinant DNA binding domain of SALL4	yes	39	39	39	pass	ZFC4_WT (with the cycle-0 input library)	0,1,3,6	0,1,6	ERR9130374,ERR9130380,ERR9130404		pass	pass	ArrayExpress E-MTAB-11519 SDRF: selex cycle, construct	to all-read check	steps 3-5 pending (reads and documentation)
PRJEB61115	random 40N ligands (HT-SELEX); GHT-SELEX uses fragmented genomic DNA with no randomized region	40	double-stranded DNA: fragmented genomic DNA (GHT-SELEX) and random 40N synthetic ligands (HT-SELEX)	HT-SELEX data for: GHT-SELEX demonstrates unexpectedly high intrinsic sequence specificity of human transcription factors	yes	5957	5957	5957	pass						fail	pass	ENA sample_alias (..._Cycle1-3)	excluded	step 6 (documented): only the bead-only control has three cycles (amendment rule 2); target trajectories have one cycle each
PRJEB62495	40 random nucleotides	40	ssDNA	Aptamers against Anaplasma phagocytophilum and its host cells	yes	12	12	0	fail						fail	pass		excluded	failed step2_length, step6_trajectory
PRJEB62756	26-base variable region (DNA); 50-base variable region (RNA)		double-stranded DNA (dsDNA) and single-stranded RNA (ssRNA) libraries	ssRNA and dbDNA SELEX against FOXL2 and the oncogenic variant C134W (mutFOXl2)	no													excluded	no single stated N
PRJEB65950	101 bp randomized region	101	double-stranded DNA	Water-mediated interactions enable transcription factors to specifically recognize dinucleotides	yes	50	50	0	fail						fail	pass		excluded	failed step2_length, step6_trajectory
PRJEB66722	40-bp random sequences	40	double-stranded DNA	Defining the molecular basis of the gene regulatory code	yes	2526	2496	2496	pass						fail	pass	ENA sample_alias (CAP-SELEX, one cycle per sample)	excluded	step 6 (documented): one round per trajectory
PRJEB70964	35-nucleotide random region (N35)	35	2′-fluoro-pyrimidine RNA (2′F-Py RNA)	Libraries of SELEX against α-synuclein fibrillar polymorphs	no													excluded	current donor
PRJEB75580			DNA sequences	HT-SELEX data for ThPOK (ZBTB7B) target specificity for wild type and K360N mutant	no													excluded	no single stated N
PRJEB76622	no randomized region — fragmented genomic DNA is used in place of a synthetic random library		fragmented, naked, unmodified double-stranded genomic DNA	Genomic HT-SELEX data for: GHT-SELEX demonstrates unexpectedly high intrinsic sequence specificity of human transcription factors	no													excluded	no single stated N
PRJEB79572			RNA and 2′-fluoropyrimidine (2'-FY) modified RNA	Ultrahigh-throughput discovery of modified aptamers as specific and potent enzyme inhibitors	no													excluded	no single stated N
PRJEB88389	genomic fragments (~30–300 bp; ~90–130 nt ssRNA), generated with semi-randomized primers — not a synthetic random region		biotinylated RNA:DNA duplexes (genomic-origin ssRNA)	Helicase-SELEX mapping of Bacillus subtilis transcription terminator Rut sites	no													excluded	no single stated N
PRJEB98610			fluorinated (2′-fluorinated) RNA aptamer	oShark: a modified light-up aptamer for use in challenging conditions	no													excluded	no single stated N
PRJEB9897	12-mer random sequence (within a 71-bp dsDNA)		double-stranded DNA (71-bp dsDNA with focal 12-mer random insert)	SELMAP - SELEX Affinity Landscape Mapping of transcription factor binding sites using integrated microfluidics	no													excluded	no single stated N
PRJNA1013112				Aptameric Evolution from CRISPR Signal Conductor 1.0 to 3.0: A Paradigm Shift in Precision Oncotherapy and Genetic Engineering	no													excluded	no single stated N
PRJNA1013173	N10 ... N40		ssDNA screening library	Identify aptamers binding human PD-L1 protein by SELEX	no													excluded	no single stated N
PRJNA1045519	40-nucleotide randomized sequence	40	RNA (in vitro transcribed using T7 polymerase from DNA template)	elongation T-boxzyme	yes	13	13	0	fail						fail	pass		excluded	failed step2_length, step6_trajectory
PRJNA1061493	two randomized regions: 40 nt (5′) and 10 nt (3′), flanking a 13 nt docking sequence		RNA	Sensing levofloxacin with an RNA aptamer as bioreceptor	no													excluded	no single stated N
PRJNA1064871	40 nucleotides	40	ssDNA	NGS whole-cell SELEX against Aspergillus niger	yes	24	24	0	fail						fail	pass		excluded	failed step2_length, step6_trajectory
PRJNA1066781			DNA	GEO accession GSE253695 is currently private and is scheduled to be released on Dec 31, 2026.	no													excluded	no single stated N
PRJNA1067620	40N	40	DNA	The emergence of the stem cell-associated Sox and POU transcription factors predates animal origins (SELEX)	yes	4	4	0	fail						fail	pass		excluded	failed step2_length, step6_trajectory
PRJNA1068659			DNA	High-Affinity Aptamers for In Vitro and In Vivo Cocaine Sensing	no													excluded	no single stated N
PRJNA1090029				An aptamer-mediated base editing platform for simultaneous knock-in and multiple gene knockout for allogeneic CAR-T cells generation	no													excluded	no single stated N
PRJNA1091700	PAM +1 to +6 positions		DNA (with DNA-DNA mismatches)	PAM-Adjacent DNA Flexibility Tunes CRISPR-Cas12a Off-Target Binding	no													excluded	no single stated N
PRJNA1113703	16 base pair randomized region	16	DNA library	FOXC2 pH-dependent SELEX-seq	yes	9	9	0	fail						fail	pass		excluded	failed step2_length, step6_trajectory
PRJNA1119072			displayed aptamer library ... modified with NHS-ester warheads	Covalent aptamer library	no													excluded	no single stated N
PRJNA1121376				An aptamer-mediated base editing platform for simultaneous knock-in and multiple gene knockout for allogeneic CAR-T cells generation	no													excluded	no single stated N
PRJNA1122221	70-mer	70	RNA	RAPID-SELEX identifies high-affinity RNA targets for chromatin binding proteins PARP1 and MeCP2	yes	12	12	0	fail						fail	pass		excluded	failed step2_length, step6_trajectory
PRJNA1151868			mRNA library	Diversity scale of library matters: Impact of mRNA library diversity scales on the discovery of macrocyclic peptides targeting a protein by the RaPID system	no													excluded	no single stated N
PRJNA1159731			extracted genomic DNA	SELEX-based method for identification of SigA-specific promoters in Mycobacterium tuberculosis H37Rv	no													excluded	no single stated N
PRJNA1176306			DNA	Aptamer sequence library from SELEX	no													excluded	no single stated N
PRJNA1188194	22–34 nt (morphine motif library); N30 stem-loop (apixaban original library)		DNA (morphine aptamer); 2'-fluoro- and methoxy-RNA (apixaban aptamer)	Improving Aptamer Affinity and Determining Sequence-Activity Relationships via Motif-SELEX	no													excluded	no single stated N
PRJNA1206477	11 nucleotides (first selection, library N11); 8 bases (second selection)		RNA	CRISPR-Hybrid: A CRISPR-Mediated Intracellular Directed Evolution Platform for RNA Aptamers	no													excluded	no single stated N
PRJNA1212714			circRNA aptamer	Therapeutic circRNA aptamer alleviates PKR-associated osteoarthritis	no													excluded	no single stated N
PRJNA1220334	(N)36	36	DNA	Homo sapiens Raw sequence reads	yes	1	1	0	fail						fail	pass		excluded	failed step2_length, step6_trajectory
PRJNA1221092	40-nucleotide randomized region N40 (Library 1); two 26-nucleotide regions N26 (Library 2)		RNA	Targeting eIF4A with RNA Aptamers Enhances Salt Stress Tolerance in Rice Through Modulation of Translation Initiation	no													excluded	no single stated N
PRJNA1244358	16-mer randomized region (16N)	16	dsDNA	Predicting the DNA binding specificity of transcription factor mutants using family-level biophysically interpretable machine learning	yes	9	9	0	fail						fail	pass		excluded	failed step2_length, step6_trajectory
PRJNA1244796	20-bp random regions	20	dsDNA (147-bp nucleosomal DNA templates with 20-bp random regions)	DNA bendability regulates transcription factor binding to nucleosomes [PIONEAR-seq and SELEX-seq]	yes	268	268	0	fail						fail	pass		excluded	failed step2_length, step6_trajectory
PRJNA1246497	40-nucleotide random region (N40 library); stem-enriched library (Stem2)		RNA	Aptamer mediated modulation of eEF1 enhances salt stress tolerance in rice	no													excluded	no single stated N
PRJNA1308116			ssDNA	Towards point-of-care test development for Bacterial Vaginosis (BV), a polymicrobial infection	no													excluded	no single stated N
PRJNA1346116				A modular strategy for extracellular vesicle-mediated CRISPR-Cas9 delivery through aptamer-based loading and UV-activated cargo release	no													excluded	no single stated N
PRJNA1376488	40-nucleotide randomized central region	40	single-stranded DNA (ssDNA)	High-throughput sequencing data from four systematic evolution of ligands by exponential enrichment (SELEX) rounds	yes	4	4	0	fail						fail	pass		excluded	failed step2_length, step6_trajectory
PRJNA1390424			DNA	NApt	no													excluded	no single stated N
PRJNA1395820	40-nt random region	40	ssDNA	Magnetic field-assisted SELEX for cobalt-binding aptamers	yes	1	1	0	fail						fail	pass		excluded	failed step2_length, step6_trajectory
PRJNA1406499			DNA	The mechanical code of DNA impacts its interaction with DNA gyrase	no													excluded	no single stated N
PRJNA1467126	N19; N17; N13; N22		nucleobase-modified DNA (modified adenine and uracil nucleotides bearing hydrophobic aromatic phenyl and indole moieties)	Expedient Single-round Selection of Hyper-modified Aptamer Targeting Insulin Receptor from Over-represented Dually Nucleobase-modified DNA Libraries	no													excluded	no single stated N
PRJNA1481083			random ssDNA libraries	High-throughput automated SELEX for aptamer discovery against 96 protein targets (GEO GSE336208)	no													excluded	no single stated N
PRJNA221564	20 nt	20	RNA	Overlapping and distinct functions of CstF64 and CstF64t in mammalian mRNA 3’ processing	yes	5	5	0	fail						fail	pass		excluded	failed step2_length, step6_trajectory
PRJNA251822			DNA (100 bp fragmented Arabidopsis genomic DNA)	The SET-domain protein SUVR5 mediates H3K9me2 deposition and silencing at stimulus response genes in a DNA methylation independent manner [SELEX]	no													excluded	no single stated N
PRJNA315881	N40	40	RNA (produced with DuraScribe T7 Transcription kit, incorporating 2'-fluoro pyrimidines)	Interleukin 10 receptor alpha chain (IL-10RA) Raw sequence reads	yes	2	2	0	fail						fail	pass		excluded	failed step2_length, step6_trajectory
PRJNA321551	30-nt	30	RNA	Raw sequence reads from CELL-SELEX experiment targeting CCR7 (9 rounds of selection)	yes	19	19	0	fail						fail	pass		excluded	failed step2_length, step6_trajectory
PRJNA360902	20 bases	20	DNA (synthetic double-stranded oligonucleotides)	Ciona robusta SELEX-seq dataset	no													excluded	current donor
PRJNA379022	23 bp	23	double-stranded DNA	Androgen and glucocorticoid receptor SELEX-seq libraries	yes	16	16	0	fail						fail	pass		excluded	failed step2_length, step6_trajectory
PRJNA385825			RNA (from E. coli genomic library)	Natural RNA polymerase aptamers regulate transcription in E. coli [SELEX]	no													excluded	no single stated N
PRJNA450989	40 bp	40	RNA	RNA aptamers specific for IL4-treated MSC2 cell line	yes	4	4	0	fail						fail	pass		excluded	failed step2_length, step6_trajectory
PRJNA474677	8 nt	8	RNA	LIN28 selectively modulates a subclass of let-7 microRNAs	yes	2	2	0	fail						fail	pass		excluded	failed step2_length, step6_trajectory
PRJNA480721	15 positions (15 consecutive NNR codons)	15	highly functionalized nucleic acid polymers (HFNAPs) with diverse side chains on a DNA backbone	Highly-functionalized nucleic acid polymer selections	yes	148	148	0	fail						fail	pass		excluded	failed step2_length, step6_trajectory
PRJNA491840	4 central bases (67 substrates with central 4 base substitutions)		DNA (synthetic substrate library and meganuclease variant library)	A co-evolving active site network regulates cleavage preference in LAGLIDADG homing endonucleases	no													excluded	no single stated N
PRJNA529538	30 nt	30	DNA (single-stranded)	In vitro isolation of class-specific oligonucleotide-based small-molecule receptors	yes	6	6	0	fail						fail	pass		excluded	failed step2_length, step6_trajectory
PRJNA531690	35 nt	35	DNA (single-stranded oligodeoxynucleotides, ssODNs)	Libraries of single-stranded oligodeoxynucleotides enriched for binding to exosomes from VCaP prostate cancer cells	yes	36	36	0	fail						fail	pass		excluded	failed step2_length, step6_trajectory
PRJNA547810	30-bp randomized region (SELEX-seq); randomized 4-mer regions per sub-library (Spec-seq)		double-stranded DNA (dsDNA)	Systematic profiling of in vitro binding affinity and endonuclease activity of CRISPR enzymes	no													excluded	no single stated N
PRJNA564266			ssDNA	ssDNA aptamers targeting Salmonella paratyphi A [SELEX]	no													excluded	no single stated N
PRJNA600132			mononucleosomal genomic DNA (dsDNA) from HEK293 cells	Preferred nucleosomal sequences enriched by NGS-SELEX	no													excluded	no single stated N
PRJNA604410	20-nt random sequence	20	ssDNA	SELEX and ChIP/CLIP-Seq identification of nucleic acid sequences bound by the DDX43 KH domain (89 aa)	yes	10	10	0	fail						fail	pass		excluded	failed step2_length, step6_trajectory
PRJNA609240	25 bp	25	dsDNA	SELEX sequencing to study DNA-binding profile of the floral homeotic MADS-domain protein SEPALLATA3	yes	20	20	0	fail						fail	pass		excluded	failed step2_length, step6_trajectory
PRJNA615076			ssDNA	HT-SELEX against E. faecalis	no													excluded	no single stated N
PRJNA616423			RNA (transcribed from human genomic DNA)	RNA polymerase II-binding aptamers in human ACRO1 satellites disrupt transcription in cis	no													excluded	no single stated N
PRJNA633039			RNA (synthetic)	Structure of SRSF1 RRM1 bound to RNA reveals an unexpected pendular/bimodal mode of interaction and explains its involvement in SMN1 exon7 splicing	no													excluded	no single stated N
PRJNA672779	40-mer random region	40	DNA	Machine-learning-guided aptamer discovery	yes	19	19	19	pass		1,2				fail	pass	ENA sample_alias (round1_*, round2_*, MLPD_*)	excluded	step 6 (documented): particle display rounds 1 and 2; the MLPD_* runs are a separate designed library: at most two rounds
PRJNA688234			ssDNA	Coagulation Factor XIII-Binding Aptamers as Bivalent Ligands Targeting Fibrin and Activated Platelets in the Thrombus	no													excluded	no single stated N
PRJNA728693			ssDNA	RE-SELEX: Restriction Enzyme-Based Evolution of Structure-Switching Aptamer Biosensors	no													excluded	no single stated N
PRJNA729962	20 nt	20		DNA protein interactome for Nuclear Receptor proteins	yes	137	137	0	fail						fail	pass		excluded	failed step2_length, step6_trajectory
PRJNA741127	16 bp	16	DNA	DNA Binding Specificities of Fkh1, Fkh2, Hcm1, and Fhl1 Revealed by SELEX-seq	yes	13	13	8	pass	Fkh1 test series (R0_test, Fkh1_R1_test, Fkh1_R2_test)	0,1,2	0,1,2	SRR14903906,SRR14903907,SRR14903908		pass	pass	GEO GSE178811 sample characteristics: round, protein	to all-read check	steps 3-5 pending (reads and documentation)
PRJNA786208				CUT&RUN Sequencing of EZH2 binding sites in HEK293T cells expressing a Dual-specificity Aptamer that specifically increases O-GlcNAcylation on beta-catenin	no													excluded	no single stated N
PRJNA809588	40–44 nucleotides		2′-Fluoro RNA	Selection of RNA aptamers against human islets by SELEX and toggle SELEX	no													excluded	no single stated N
PRJNA830749	44 nt	44	ssDNA	The use of high-affinity polyhistidine binders as masking probes for the selection of an NDM-1 specific aptamer	yes	8	8	0	fail						fail	pass		excluded	failed step2_length, step6_trajectory
PRJNA847751	N40 or N20		FANA (2'-deoxy-2'-fluoro-β-D-arabino nucleic acid)	A modular XNAzyme cleaves long, structured RNAs under physiological conditions and enables allele-specific gene silencing.	no													excluded	no single stated N
PRJNA847930	N40	40	fully 2'-O-methyl RNA (2'OMe-RNA)	A two-residue nascent strand steric gate controls synthesis of 2-O-methyl- and 2-O-2-methoxyethyl-RNA	yes	2	2	0	fail						fail	pass		excluded	failed step2_length, step6_trajectory
PRJNA854957	45 bp coding region (15 codons)		highly functionalized nucleic acid polymers (HFNAPs) — DNA templates with a 45-bp coding region containing 15 consecutive codons recruiting side-chain-functionalized trinucleotide building blocks	Generating experimentally unrelated target molecule binding nucleic-acid polymers using machine learning	no													excluded	no single stated N
PRJNA862494	40 nt	40	RNA	The highly conserved RNA-binding specificity of nucleocapsid protein facilitates the identification of drugs with broad anti-coronavirus activity.	yes	72	72	0	fail						fail	pass		excluded	failed step2_length, step6_trajectory
PRJNA866368	N10	10	RNA (ssDNA library amplified by PCR and then transcribed in vitro to ssRNA for selection)	Capture RIC-seq reveals positional rules of PTBP1-associated RNA loops in splicing regulation [SELEX]	yes	4	4	0	fail						fail	pass		excluded	failed step2_length, step6_trajectory
PRJNA86771	20 nt	20	RNA	Homo sapiens High Throughput Sequencing	yes	7	7	0	fail						fail	pass		excluded	failed step2_length, step6_trajectory
PRJNA883192	N40	40	ssDNA	A sputum bioassay for airway eosinophilia using an eosinophil peroxidase aptamer	yes	2	2	0	fail						fail	pass		excluded	failed step2_length, step6_trajectory
PRJNA887057				CUT&RUN Sequencing of EZH2 binding sites in HEK293T cells expressing a Dual-specificity Aptamer that specifically increases O-GlcNAcylation on beta-catenin, when beta-catein was knocked-down	no													excluded	no single stated N
PRJNA887059				CUT&RUN Sequencing of EZH2 binding sites in HEK293T cells expressing a Dual-specificity Aptamer that specifically increases O-GlcNAcylation on beta-catenin when O-GlcNAc transferase was inhibited	no													excluded	no single stated N
PRJNA905424	30 nt	30	ssDNA	High-Throughput Quantitative Binding Analysis of DNA Aptamers using Exonucleases	yes	6	6	0	fail						fail	pass		excluded	failed step2_length, step6_trajectory
PRJNA911774	N30	30	ssDNA	Systematic Study of in vitro Selection Stringency Reveals How to Enrich High-Affinity Aptamers	yes	6	6	0	fail						fail	pass		excluded	failed step2_length, step6_trajectory
PRJNA916521				Antibody-Free and Fast Profiling of Transcription Factor Binding Sites Using Aptamer-Guided Chromatin Cleavage with Sequencing (AptaChC-seq)	no													excluded	no single stated N
PRJNA932049			2'FY-RNA (2'-fluoropyrimidine RNA)	Selection, development and structural characterization of 2' FY-RNA aptamers for pyoverdine	no													excluded	no single stated N
PRJNA935703	N10 and N35 (two randomized regions, 45 nt total, in a 100-base library)		ssDNA	DNA aptamers for detection of pyoverdine pf5	no													excluded	no single stated N
PRJNA947642	36-mer	36	DNA	A Functional Group-Guided Approach to Aptamers for Small Molecules	yes	20	20	0	fail						fail	pass		excluded	failed step2_length, step6_trajectory
PRJNA952942			boronic acid base-modified DNA	Screening aptamer switches for ATP and glucose	no													excluded	no single stated N
PRJNA957781	20 random nucleotides	20	dsDNA	SELEX-seq of AP1 homodimer	yes	2	2	0	fail						fail	pass		excluded	failed step2_length, step6_trajectory
PRJNA975735	N40	40	ssDNA	SELEX based aptamers: An excellent diagnostic and entry inhibitor therapeutic for SARS-CoV-2	yes	5	5	0	fail						fail	pass		excluded	failed step2_length, step6_trajectory
PRJNA990511	40 nt	40	ssDNA	DNA aptamer of ASFV p30, SELEX library sequencing	yes	1	1	1	fail	Aptamer SELEX of ASFV p30 protein,	7	7	SRR25177898	9231	fail	pass		excluded	failed step2_length, step6_trajectory
