accession	extraction_mode	round	fastq	n_in	n_out	frac_kept	output_len_mode	output_frac_len_mode	n_length_truth	note
PRJDB19098	BOTH_PRIMERS_SINGLE_READ	01	DRR615208.fastq.gz	33512	31473	0.9392	35	0.7240	35	
PRJDB19098	BOTH_PRIMERS_SINGLE_READ	02	DRR615209.fastq.gz	37850	35375	0.9346	35	0.7192	35	
PRJDB19098	BOTH_PRIMERS_SINGLE_READ	03	DRR615210.fastq.gz	46708	43370	0.9285	35	0.7094	35	
PRJDB19098	BOTH_PRIMERS_SINGLE_READ	04	DRR615211.fastq.gz	45351	42153	0.9295	35	0.7040	35	
PRJDB19098	BOTH_PRIMERS_SINGLE_READ	05	DRR615212.fastq.gz	33872	31377	0.9263	35	0.6840	35	
PRJDB19098	BOTH_PRIMERS_SINGLE_READ	06	DRR615213.fastq.gz	46581	42791	0.9186	35	0.6737	35	
PRJDB9110	BOTH_PRIMERS_SINGLE_READ	00	DRR201861.fastq.gz	162003	127072	0.7844	30	0.7955	30	
PRJDB9110	BOTH_PRIMERS_SINGLE_READ	01	DRR201862.fastq.gz	91610	81434	0.8889	30	0.7922	30	
PRJDB9110	BOTH_PRIMERS_SINGLE_READ	02	DRR201863.fastq.gz	45431	40891	0.9001	30	0.7843	30	
PRJDB9110	BOTH_PRIMERS_SINGLE_READ	03	DRR201864.fastq.gz	91441	81697	0.8934	30	0.7844	30	
PRJDB9110	BOTH_PRIMERS_SINGLE_READ	04	DRR201865.fastq.gz	80864	72306	0.8942	30	0.7864	30	
PRJDB9110	BOTH_PRIMERS_SINGLE_READ	05	DRR201866.fastq.gz	108428	97136	0.8959	30	0.8037	30	
PRJDB9110	BOTH_PRIMERS_SINGLE_READ	06	DRR201867.fastq.gz	98237	90382	0.9200	30	0.8290	30	
PRJDB9110	BOTH_PRIMERS_SINGLE_READ	07	DRR201868.fastq.gz	49469	45443	0.9186	30	0.8107	30	
PRJDB9110	BOTH_PRIMERS_SINGLE_READ	08	DRR201869.fastq.gz	113137	93730	0.8285	30	0.8015	30	
PRJDB9111	BOTH_PRIMERS_SINGLE_READ	03	DRR201870.fastq.gz	146505	119391	0.8149	40	0.6902	40	
PRJDB9111	BOTH_PRIMERS_SINGLE_READ	04	DRR201871.fastq.gz	121185	98049	0.8091	40	0.6595	40	
PRJDB9111	BOTH_PRIMERS_SINGLE_READ	05	DRR201872.fastq.gz	116917	97767	0.8362	40	0.6507	40	
PRJDB9111	BOTH_PRIMERS_SINGLE_READ	06	DRR201873.fastq.gz	82488	69604	0.8438	40	0.5524	40	
PRJEB62495	BOTH_PRIMERS_SINGLE_READ	04	ERR11470025.fastq.gz	368381	344352	0.9348	40	0.9515	40	
PRJEB62495	BOTH_PRIMERS_SINGLE_READ	05	ERR11470026.fastq.gz	62854	62047	0.9872	40	0.9413	40	
PRJEB62495	BOTH_PRIMERS_SINGLE_READ	06	ERR11470027.fastq.gz	350448	325521	0.9289	40	0.9489	40	
PRJEB62495	BOTH_PRIMERS_SINGLE_READ	07	ERR11470028.fastq.gz	65393	63711	0.9743	40	0.9549	40	
PRJEB62495	BOTH_PRIMERS_SINGLE_READ	08	ERR11470029.fastq.gz	73950	71724	0.9699	40	0.9754	40	
PRJEB62495	BOTH_PRIMERS_SINGLE_READ	09	ERR11470030.fastq.gz	141120	135339	0.9590	40	0.9794	40	
PRJEB62495	BOTH_PRIMERS_SINGLE_READ	09	ERR11470034.fastq.gz	79029	74350	0.9408	40	0.9794	40	
PRJEB62495	BOTH_PRIMERS_SINGLE_READ	10	ERR11470031.fastq.gz	63007	55106	0.8746	40	0.9694	40	
PRJEB62495	BOTH_PRIMERS_SINGLE_READ	11	ERR11470032.fastq.gz	60229	52273	0.8679	40	0.9678	40	
PRJEB62495	BOTH_PRIMERS_SINGLE_READ	11	ERR11470035.fastq.gz	76076	66716	0.8770	40	0.9678	40	
PRJEB62495	BOTH_PRIMERS_SINGLE_READ	12	ERR11470033.fastq.gz	182390	115147	0.6313	40	0.9600	40	
PRJEB62495	BOTH_PRIMERS_SINGLE_READ	12	ERR11470036.fastq.gz	72187	59962	0.8306	40	0.9600	40	
PRJNA1395820	PAIRED_END_SPLIT_PRIMERS	09	SRR36645706_1.fastq.gz	3199891	3187337	0.9961	129	0.9822	40	
PRJNA615076	BOTH_PRIMERS_SINGLE_READ	00	SRR11413174_1.fastq.gz	107638	102203	0.9495	40	0.9663	40	
PRJNA615076	BOTH_PRIMERS_SINGLE_READ	02	SRR11413173_1.fastq.gz	342616	316902	0.9249	40	0.9530	40	
PRJNA615076	BOTH_PRIMERS_SINGLE_READ	03	SRR11413171_1.fastq.gz	330387	315635	0.9553	40	0.9535	40	
PRJNA615076	BOTH_PRIMERS_SINGLE_READ	04	SRR11413170_1.fastq.gz	258891	246168	0.9509	40	0.9542	40	
PRJNA615076	BOTH_PRIMERS_SINGLE_READ	05	SRR11413169_1.fastq.gz	251043	226269	0.9013	40	0.9544	40	
PRJNA615076	BOTH_PRIMERS_SINGLE_READ	06	SRR11413168_1.fastq.gz	299303	275181	0.9194	40	0.9537	40	
PRJNA615076	BOTH_PRIMERS_SINGLE_READ	07	SRR11413167_1.fastq.gz	253449	229346	0.9049	40	0.9548	40	
PRJNA615076	BOTH_PRIMERS_SINGLE_READ	08	SRR11413166_1.fastq.gz	308397	287251	0.9314	40	0.9546	40	
PRJNA615076	BOTH_PRIMERS_SINGLE_READ	09	SRR11413165_1.fastq.gz	247589	222068	0.8969	40	0.9552	40	
PRJNA615076	BOTH_PRIMERS_SINGLE_READ	10	SRR11413164_1.fastq.gz	317454	299491	0.9434	40	0.9548	40	
PRJNA615076	BOTH_PRIMERS_SINGLE_READ	11	SRR11413172_1.fastq.gz	339165	315222	0.9294	40	0.9550	40	
PRJNA809588	BOTH_PRIMERS_SINGLE_READ	00	SRR18110617.fastq.gz	42029173	41680835	0.9917	40	0.9742	40	
PRJNA809588	BOTH_PRIMERS_SINGLE_READ	01	SRR18110628.fastq.gz	21744510	20475284	0.9416	40	0.7824	40	
PRJNA809588	BOTH_PRIMERS_SINGLE_READ	02	SRR18110627.fastq.gz	32574011	30506884	0.9365	40	0.7984	40	
PRJNA809588	BOTH_PRIMERS_SINGLE_READ	03	SRR18110626.fastq.gz	28501392	25358089	0.8897	40	0.7987	40	
PRJNA809588	BOTH_PRIMERS_SINGLE_READ	04	SRR18110625.fastq.gz	22864271	19168461	0.8384	40	0.8371	40	
PRJNA809588	BOTH_PRIMERS_SINGLE_READ	05	SRR18110624.fastq.gz	43377134	38552874	0.8888	40	0.8077	40	
PRJNA809588	BOTH_PRIMERS_SINGLE_READ	06	SRR18110623.fastq.gz	42269186	36561599	0.8650	40	0.7797	40	
PRJNA809588	BOTH_PRIMERS_SINGLE_READ	07	SRR18110622.fastq.gz	33803238	30030468	0.8884	40	0.8719	40	
PRJNA809588	BOTH_PRIMERS_SINGLE_READ	08	SRR18110621.fastq.gz	37275570	33664221	0.9031	40	0.8976	40	
PRJNA809588	BOTH_PRIMERS_SINGLE_READ	09	SRR18110620.fastq.gz	27414293	25277989	0.9221	40	0.5898	40	
