accession	paper_doi	paper_pmid	source_attempted	primer_5p_truth	primer_3p_truth	n_length_truth	status	rejection_reason
PRJNA321551	10.1016/j.cels.2016.07.003	27467247	PMC5042215 main text M&M (states "30-nt random region flanked by fixed primer sequences" but does NOT print the actual sequences); supp files endpoint returned invalid ZIP				blocked	Primers are in the "Supplemental Experimental Procedures" PDF that PMC supp endpoint cannot retrieve. Publisher PDF (Cell Press / cell.com) returns 403 to WebFetch. Catalog had wrong PMID 27693023 (Muraro pancreas) for this accession; correct PMID is 27467247 (Dao et al. AptaTRACE). Requires manual download of Cell Systems supplement.
PRJEB47428	10.1093/nar/gkac694	36018788	PMC9638913 main text M&M (states "see Supplementary Table S1 for primer sequences"); OUP publisher URL returns 403; EuropePMC supplementaryFiles endpoint returned empty				blocked	Primers explicitly in Supplementary Table S1, but NAR / OUP supplements not in PMC and oup.com blocks bot access. Crossref-listed PDF URL https://academic.oup.com/nar/article-pdf/50/19/e111/46843831/gkac694.pdf also 403. Requires manual download of NAR Supp Table S1.
PRJEB9897	10.1038/srep33351	27628341	PMC5024299 main text M&M (describes structure "adapter A + key + barcode + 12-mer random + trP1" but does not print sequences); supp PDF srep33351-s1.pdf inspected via pypdf (4 pages, only cell-extract protocols + qPCR figures, no oligo sequences)				blocked	Library structure described qualitatively but sequence-level adapter/key/barcode definitions absent from both main text and supp PDF. Probably in a methods supplement not bundled with the Sci Rep deposit. Requires direct author contact or finding a derived paper that quotes the SELMAP oligos.
PRJNA1054605	10.1101/2024.03.05.583629	38496549	PMC10942454 page shows abstract only; bioRxiv blocks PDF download (403 across all URL patterns); bioRxiv API returns empty full_text field				blocked	Penzar PADIT-seq preprint license bars PMC archiving. Direct bioRxiv PDF download (https://www.biorxiv.org/content/.../v1.full.pdf) returns 403. Requires manual download from a browser session.
PRJNA1071201	10.1038/s41467-024-51197-w	39117705	PMC11310338 full text reviewed via WebFetch; methods describe virtual screening of a 1024-sequence ssDNA pool				rejected	Not a traditional HT-SELEX experiment. The "Blocker-SELEX" workflow uses structure-guided virtual screening of a tiny pre-designed pool (1024 ssDNA, 5 nt random) and does not involve a random N-region library with PCR-amplifiable flanking primers. Outside selexprep's primer-inference benchmark scope.
PRJEB89545		(none in ENA XML)	ENA project XML "DL-SELEX" study description visible; no PubMed cross-reference; publication may not yet be indexed (2025-05 deposit)				blocked	Recent 2025 deposit (DL-SELEX paper not yet linked to ENA via XREF_LINK). Need to identify the publication (likely 2025 manuscript) and check its supplementary materials. Skip until paper attribution is confirmed.
PRJNA932049		(none in ENA XML; "Citation missing" in GEO)	ENA project XML confirms 2'-FY-RNA pyoverdine SELEX; GEO entry GSE224685 records "Citation missing"; no Europe PMC paper search hit for "Selection development structural characterization 2'-FY-RNA aptamers pyoverdine"				blocked	Original Iowa State pyoverdine project lacks a publicly-linked publication. A *separate* pyoverdine SELEX study (PRJNA935703, Front Chem 2024 PMC11324436) IS verified and added to ground_truth.tsv, but its library design (split-N, 10+35 + internal constant) likely differs from this Iowa State deposit. Requires direct author contact (marit@iastate.edu per GEO record) for primer sequences.
PRJNA1081432	10.1038/s41698-024-00758-y	39572699	PMC11582725 main text + supp PDF (41698_2024_758_MOESM1_ESM.pdf, 16 pages) inspected via pypdf; supp Table 2 lists template + F/R primers for EGFRapt/MinE07, C36, E3, Waz aptamers				rejected	Paper uses already-known aptamers (EGFRapt/MinE07 and variants of C36/E3/Waz) for in vitro transcription and binding studies. The "primers" in supp Table 2 are aptamer-specific transcription primers (T7 + aptamer 5' / aptamer 3'-tail), NOT library primers flanking a random N region. No SELEX library construction is described. Outside selexprep's primer-inference benchmark scope.
PRJNA558191	10.1016/j.isci.2020.100979	32222697	PMC7103779 main text states library = "40-mer random sequence region flanked by two constant sequence regions at 5' and 3' of 21-mer and 23-mer, respectively" (Fig. 1 caption); full sequences are in "Transparent Methods supplemental file (Document S1)" not extracted by WebFetch.				blocked	Camorani 2020 iScience "Novel Aptamers Selected on Living Cells for Specific Recognition of Triple-Negative Breast Cancer". Library length structure (N40, 21+23 nt constants) confirmed in main text Fig.1 caption but exact primer sequences require manual download of Document S1 / Transparent Methods supplement.
