accession	mate	file	n_reads	len_mode	frac_len_mode	len_min	len_median	len_max	const_5p_len	const_3p_len	frac_5p_at_start	frac_3p_at_end	frac_rc3p_at_start	frac_rc5p_at_end	frac_5p_anywhere	frac_3p_anywhere	frac_truseq_r1	frac_nextera	cons_5p	support_5p	cons_3p	support_3p	script_commit
PRJEB22637	R1	ERR2121977.fastq.gz	903032	50	0.9357	47	50	52	23	24	0.0000	0.0000	0.0000	0.0000	0.0000	0.0000	0.0000	0.0000	CCCCCCCCCCCCCCCCCCCCCCCCCCCCCC	544433333433433333333333444333	CCCCCCCCCCCCCCCCCCCCCCCCCCCCCC	333344443333344444444444444444	f9d8bd7
PRJEB22637	R1	ERR2121978.fastq.gz	1142553	50	0.9365	47	50	52	23	24	0.0000	0.0000	0.0000	0.0000	0.0000	0.0000	0.0000	0.0000	CCCCCCCCCCCCCCCCCCCCCCCCCCCCCC	444433333433433334333333444333	CCCCCCCCCCCCCCCCCCCCCCCCCCCCCC	333344443333344444444444444445	f9d8bd7
PRJEB22637	R1	ERR2121979.fastq.gz	987504	50	0.9310	47	50	52	23	24	0.0000	0.0000	0.0000	0.0000	0.0000	0.0000	0.0000	0.0000	CCCCCCCCCCCCCCCCCCCCCCCCCCCCCC	444433333433434344343434444444	CCCCCCCCCCCCCCCCCCCCCCCCCCCCCC	443444444443344444444444444445	f9d8bd7
PRJEB22637	R1	ERR2121980.fastq.gz	936290	50	0.9209	47	50	52	23	24	0.0000	0.0000	0.0000	0.0000	0.0000	0.0000	0.0000	0.0000	CCCCCCCCCCCCCCCCCCCCCCCCCCCCCC	434433333433444444444434444444	CCCCCCCCCCCCCCCCCCCCCCCCCCCCCC	443444444444444444444444444456	f9d8bd7
PRJEB22637	R1	ERR2121981.fastq.gz	677718	50	0.9171	47	50	52	23	24	0.0000	0.0000	0.0000	0.0000	0.0000	0.0000	0.0000	0.0000	CCCCCCCCCCCCCCCCCCCCCCCCCCCCCC	434433334444444444444444444444	CCCCCCCCCCCCCCCCCCCCCCCCCCCCCC	444444444444444444444444444456	f9d8bd7
PRJEB22637	R1	ERR2121982.fastq.gz	787279	50	0.9112	47	50	52	23	24	0.0000	0.0000	0.0000	0.0000	0.0000	0.0000	0.0000	0.0000	CCCCCCCCCCCCCCCCCCCCCCCCCCCCCC	334434334434444444443444444433	CCCCCCCCCCCCCCCCCCCCCCCCCCCCCC	344444443344334444444444434456	f9d8bd7
PRJEB22637	R1	ERR2121983.fastq.gz	639457	50	0.8906	47	50	52	23	24	0.0000	0.0000	0.0000	0.0000	0.0000	0.0000	0.0000	0.0000	TACCTCTCCCCTCCCCACCCACCACCCGCC	324435334433534433353453434333	ACCACCCCCCCCCCCCCACCCCCCCGCCCC	345343432343234344354543543465	f9d8bd7
PRJEB22637	R1	ERR2121984.fastq.gz	535477	50	0.8456	47	50	52	23	24	0.0000	0.0000	0.0000	0.0000	0.0000	0.0000	0.0000	0.0000	GGCACCCCCCATCCCACCCCACCAACCGCA	224435334544534344353453344333	CCCCACCCCACCACCCCACCCCCCCGGCCC	434344433343234344354443543555	f9d8bd7
PRJEB22637	R1	ERR2121985.fastq.gz	860099	50	0.7802	47	50	52	23	24	0.0000	0.0000	0.0000	0.0000	0.0000	0.0000	0.0000	0.0000	GGCACCCACCATCCCACCCCACCAACCGCA	334434334544633444353554454343	CCCCACCCGACTGCCCCACCCCCGCGGCCC	434444333343334343453443543555	f9d8bd7
PRJEB22637	R1	ERR2121986.fastq.gz	619732	50	0.7403	47	50	52	23	24	0.0000	0.0000	0.0000	0.0000	0.0000	0.0000	0.0000	0.0000	GGCACCCCCCATCCCACCCCCCCAACCGCA	334434334544633444353554453343	CACCACCCGACTGCCCCCCCCCCGCGCCCC	534445333343334343454434543545	f9d8bd7
PRJEB22637	R1	ERR2121987.fastq.gz	1273251	50	0.6876	47	50	52	23	24	0.0000	0.0000	0.0000	0.0000	0.0000	0.0000	0.0000	0.0000	GGCACCCACCATCCCACCCCCCCACCCGCA	334444433545733453363444453433	CACCACCCGACTGCCCCCCCCCCGCGCCCC	634445333343345334453434544645	f9d8bd7
PRJEB22637	R1	ERR2121988.fastq.gz	2160227	50	0.6370	47	50	52	23	24	0.0000	0.0000	0.0000	0.0000	0.0000	0.0000	0.0000	0.0000	GGCACCCACCATCCCACCCCCCCAACCGCA	334444433545733554362544453443	CACCACCCGACTGCCCCCCCCCCGCGCCCC	634455333343345334454434544545	f9d8bd7
PRJEB22637	R1	ERR2121989.fastq.gz	571521	50	0.6161	47	50	52	23	24	0.0000	0.0000	0.0000	0.0000	0.0000	0.0000	0.0000	0.0000	AGCACCCCGCATCCCACCCCCCCACCCGCA	334443433555633553363445444533	CACCACCCGACTGCCCCCCCCGCGCGCCCC	634444333343345334354435545545	f9d8bd7
PRJEB22637	R1	ERR2121990.fastq.gz	867760	50	0.6040	47	50	52	23	24	0.0000	0.0000	0.0000	0.0000	0.0000	0.0000	0.0000	0.0000	ACCACGCAGCATCCGACAGCCCCACCCGCT	433353334455633554374434454533	CACCCCCCGACTGCCTCCCCCGTGCGCCCC	733545434343354343454436545544	f9d8bd7
PRJEB22637	R1	ERR2121991.fastq.gz	795563	50	0.6331	47	50	52	23	24	0.0000	0.0000	0.0000	0.0000	0.0000	0.0000	0.0000	0.0000	GCGACGCCGCATCCGACAGCCCCCCCCGCC	444352434455633553364433454533	CTCCCCCGGGCCGCCCCCCGCGTGCGCCCC	733445434243364343444435545543	f9d8bd7
PRJEB28411	R1	ERR2764563.fastq.gz	520534	40	1.0000	40	40	40	18	18	0.0000	0.0000	0.0000	0.0000	0.0000	0.0000	0.0000	0.0000	TGGGGGGGGGGGGGGGGGGGGGGGGGGGGG	332232333333333333333333333333	GGGGGGGGGGGGGGGGGGGGGGGGGGGGGG	333333333333333333333333333333	f9d8bd7
PRJEB28411	R1	ERR2764564.fastq.gz	781654	40	0.9489	1	40	40	18	18	0.0000	0.0000	0.0000	0.0000	0.0000	0.0000	0.0000	0.0000	TGGGGGGGGGGGGGGGGGGGGGGGGGGGGG	332232333333333333333333333333	GGGGGGGGGGGGGGGGGGGGGGGGGGGGGG	333333333333333333333333333333	f9d8bd7
PRJEB28411	R1	ERR2764565.fastq.gz	1130509	40	1.0000	40	40	40	18	18	0.0000	0.0000	0.0000	0.0000	0.0000	0.0000	0.0000	0.0000	TGGGGGGGGGGGGGGGGGGGGGGGGGGGGG	333233333333333333333333333333	GGGGGGGGGGGGGGGGGGGGGGGGGGGGGG	333333333333333333333333333333	f9d8bd7
PRJEB28411	R1	ERR2764566.fastq.gz	277070	40	1.0000	40	40	40	18	18	0.0000	0.0000	0.0000	0.0000	0.0000	0.0000	0.0000	0.0000	GGGGGTGGGGGGGGGGGGGGGGGGGGGGGG	366454755554455564454554555454	GGGGGGGGGGGGGGGGGGGGGGGGGGGGGG	544555644545545554545454644454	f9d8bd7
PRJEB28411	R1	ERR2764567.fastq.gz	498937	40	0.9525	1	40	40	18	18	0.0000	0.0000	0.0000	0.0000	0.0000	0.0000	0.0000	0.0000	GGGGGTGGGGGGGGGGGGGGGGGGGGGGGG	466454755664465564355564556454	GGGGGGGGGGGGGGGGGGGGGGGGGGGGGG	644655643555545565545454654454	f9d8bd7
PRJEB28411	R1	ERR2764568.fastq.gz	326402	40	0.9745	1	40	40	18	18	0.0000	0.0000	0.0000	0.0000	0.0000	0.0000	0.0000	0.0000	GGGGGTGGGGGGGGGGGGTGGGGGGGGGGG	467354755664466564365564566454	GGGGGGGGTGGGGGGGGGGGGGGGGGGGGG	654665643655645665546454654454	f9d8bd7
PRJEB28411	R1	ERR2764569.fastq.gz	169024	40	1.0000	40	40	40	18	18	0.0000	0.0000	0.0000	0.0000	0.0000	0.0000	0.0000	0.0000	TGGGGGGGGGGGGGGGGGGGGGGGGGGGGG	333333333333333333333333333333	GGGGGGGGGGGGGGGGGGGGGGGGGGGGGG	333333333333333333333333333333	f9d8bd7
PRJEB28411	R1	ERR2764570.fastq.gz	619635	40	1.0000	40	40	40	18	18	0.0000	0.0000	0.0000	0.0000	0.0000	0.0000	0.0000	0.0000	TGGGGGGGGGGGGGGGGGGGGGGGGGGGGG	333333333333333333333333333333	GGGGGGGGGGGGGGGGGGGGGGGGGGGGGG	333333333333333333333333333333	f9d8bd7
PRJEB28411	R1	ERR2764571.fastq.gz	548781	40	1.0000	40	40	40	18	18	0.0000	0.0000	0.0000	0.0000	0.0000	0.0000	0.0000	0.0000	TGGGGGGGGGGGGGGGGGGGGGGGGGGGGG	333333333333333333333333333333	GGGGGGGGGGGGGGGGGGGGGGGGGGGGGG	333333333333333333333333333333	f9d8bd7
PRJEB28411	R1	ERR2764572.fastq.gz	742255	40	1.0000	40	40	40	18	18	0.0000	0.0000	0.0000	0.0000	0.0000	0.0000	0.0000	0.0000	GGGGGTGGGGGGGGGGGGGGGGGGGGGGGG	478354746675566464355564567554	GGGGGGGGGGGGGGGGGGGGGGGGGGGGGG	755664643555645675546464654455	f9d8bd7
PRJEB28411	R1	ERR2764573.fastq.gz	1142819	40	0.9744	1	40	40	18	18	0.0000	0.0000	0.0000	0.0000	0.0000	0.0000	0.0000	0.0000	GGGGGTGGGGGGGGGGGGGGGGGGGGGGGG	478354746665566464355565556554	GGGGGGGGGGGGGGGGGGGGGGGGGGGGGG	655664643555655565546464654455	f9d8bd7
PRJEB28411	R1	ERR2764574.fastq.gz	730489	40	1.0000	40	40	40	18	18	0.0000	0.0000	0.0000	0.0000	0.0000	0.0000	0.0000	0.0000	GGGGGTGGGGGGGGGGGGGGGGGGGGGGGG	478354746665566464355564556554	GGGGGGGGGGGGGGGGGGGGGGGGGGGGGG	655664643555645565546464654455	f9d8bd7
PRJDB9110	R1	DRR201861.fastq.gz	162003	89	0.6039	25	89	334	40	19	0.9612	0.7620	0.0000	0.0000	0.9351	0.7516	0.0000	0.0000	TAATACGACTCACTATAGGGAGCAGGAGAG	999999999999999999999999999999	GGGGGGAAGGGCCTATGCGTGCTAGTGTGA	222233333338888887888888888888	f9d8bd7
PRJDB9110	R1	DRR201862.fastq.gz	91610	89	0.6745	25	89	218	40	19	0.9511	0.8661	0.0000	0.0000	0.9208	0.8549	0.0000	0.0000	TAATACGACTCACTATAGGGAGCAGGAGAG	999999999999999999999999999999	AAAAAAAAAAACCTATGCGTGCTAGTGTGA	222222322238889898999899999999	f9d8bd7
PRJDB9110	R1	DRR201863.fastq.gz	45431	89	0.6767	25	89	199	40	19	0.9541	0.8772	0.0000	0.0000	0.9286	0.8660	0.0000	0.0000	TAATACGACTCACTATAGGGAGCAGGAGAG	999999999999999999999999999999	AAAAAAAAAAACCTATGCGTGCTAGTGTGA	222222332239899998999999999999	f9d8bd7
PRJDB9110	R1	DRR201864.fastq.gz	91441	89	0.6708	25	89	243	40	19	0.9520	0.8715	0.0000	0.0000	0.9240	0.8600	0.0000	0.0000	TAATACGACTCACTATAGGGAGCAGGAGAG	999999999999999999999999999999	AAAAAAAAAAACCTATGCGTGCTAGTGTGA	332333333238889898999999999999	f9d8bd7
PRJDB9110	R1	DRR201865.fastq.gz	80864	89	0.6721	25	89	263	40	19	0.9503	0.8719	0.0000	0.0000	0.9216	0.8605	0.0000	0.0000	TAATACGACTCACTATAGGGAGCAGGAGAG	999999999999999999999999999999	TAAAAAAAAAACCTATGCGTGCTAGTGTGA	222222322238889898999999999999	f9d8bd7
PRJDB9110	R1	DRR201866.fastq.gz	108428	89	0.6885	25	89	267	40	19	0.9512	0.8741	0.0000	0.0000	0.9206	0.8639	0.0000	0.0000	TAATACGACTCACTATAGGGAGCAGGAGAG	999999999999999999999999999999	TCGAGGACAGACCTATGCGTGCTAGTGTGA	222232222239889898999999999999	f9d8bd7
PRJDB9110	R1	DRR201867.fastq.gz	98237	89	0.7289	25	89	236	40	19	0.9501	0.8992	0.0000	0.0000	0.9180	0.8897	0.0000	0.0000	TAATACGACTCACTATAGGGAGCAGGAGAG	999999999999999999999999999999	GCGGGGACTGACCTATGCGTGCTAGTGTGA	424333332349999999999999999999	f9d8bd7
PRJDB9110	R1	DRR201868.fastq.gz	49469	89	0.7100	25	89	257	40	19	0.9455	0.8965	0.0000	0.0000	0.9095	0.8864	0.0000	0.0000	TAATACGACTCACTATAGGGAGCAGGAGAG	999999999999999999999999999999	GCGGGTACAGACCTATGCGTGCTAGTGTGA	334343343349999999999999999999	f9d8bd7
PRJDB9110	R1	DRR201869.fastq.gz	113137	89	0.6290	25	89	304	40	19	0.8712	0.7944	0.0000	0.0000	0.8350	0.7861	0.0000	0.0000	TAATACGACTCACTATAGGGAGCAGGAGAG	999999999999999999999999999999	CCTCGTGCACGCCTATGCGTGCTAGTGTGA	343344454338888888888888888888	f9d8bd7
PRJDB9111	R1	DRR201870.fastq.gz	146505	100	0.5327	25	100	202	37	23	0.9449	0.7489	0.0000	0.0000	0.9254	0.7496	0.0000	0.0000	TAATACGACTCACTATAGGGAGAACTTCGA	999999999999999999999999999999	CCCAAAATATGTGCGCATACATGGATCCTC	222222278787888887888888888888	f9d8bd7
PRJDB9111	R1	DRR201871.fastq.gz	121185	100	0.5085	25	100	148	37	23	0.9532	0.7363	0.0000	0.0000	0.9300	0.7376	0.0000	0.0000	TAATACGACTCACTATAGGGAGAACTTCGA	999999999999999999999999999999	CCCCACCTATGTGCGCATACATGGATCCTC	333323377777787887888888888888	f9d8bd7
PRJDB9111	R1	DRR201872.fastq.gz	116917	100	0.5190	25	100	199	37	23	0.9538	0.7659	0.0000	0.0000	0.9365	0.7670	0.0000	0.0000	TAATACGACTCACTATAGGGAGAACTTCGA	999999999999999999999999999999	CCCCACCTATGTGCGCATACATGGATCCTC	333332388888888888888888888888	f9d8bd7
PRJDB9111	R1	DRR201873.fastq.gz	82488	100	0.4401	25	100	166	37	23	0.9372	0.7636	0.0000	0.0000	0.9172	0.7618	0.0000	0.0000	TAATACGACTCACTATAGGGAGAACTTCGA	999999999999999999999999999999	GACAAACTATGTGCGCATACATGGATCCTC	233333388888888888888888888888	f9d8bd7
PRJEB70964	R1	ERR12353593.fastq.gz	9502133	35	0.9005	33	35	37	23	23	0.0000	0.0000	0.0000	0.0000	0.0000	0.0000	0.0000	0.0000	AAAAAAAAAAAAAAAAAAAAAAAAAAAAAA	333333333333333333333333333333	AAAAAAAAAAAAAAAAAAAAAAAAAAAAAA	333333333333333333333333323333	f9d8bd7
PRJEB70964	R1	ERR12353594.fastq.gz	8185266	35	0.8917	33	35	37	23	23	0.0000	0.0000	0.0000	0.0000	0.0000	0.0000	0.0000	0.0000	AAAAAAAAAAAAAAAAAAAAAAAAAAAAAA	333333333333333333333333333332	AAAAAAAAAAAAAAAAAAAAAAAAAAAAAA	333333333333333333333333222233	f9d8bd7
PRJEB70964	R1	ERR12353607.fastq.gz	10888889	35	0.8987	33	35	37	23	23	0.0000	0.0000	0.0000	0.0000	0.0000	0.0000	0.0000	0.0000	AAAAAAAAAAAAAAAAAAAAAAAAAAAAAA	333333333333333333333333333332	AAAAAAAAAAAAAAAAAAAAAAAAACCAAA	333333333333333333333333222233	f9d8bd7
PRJEB70964	R1	ERR12353595.fastq.gz	9587680	35	0.8908	33	35	37	23	23	0.0000	0.0000	0.0000	0.0000	0.0000	0.0000	0.0000	0.0000	AAAAAAAAAAAAAAAAAAAAAAAAAAAAAA	333333333333333333333333333332	AAAAAAAAAAAAAAAAAAAAAAAAACCAAA	333333333333333333333333222233	f9d8bd7
PRJEB70964	R1	ERR12353608.fastq.gz	12203941	35	0.8976	33	35	37	23	23	0.0000	0.0000	0.0000	0.0000	0.0000	0.0000	0.0000	0.0000	AAAAAAAAAAAAAAAAAAAAAAAAAAAAAC	333333333333333333333333333322	AAAAAAAAAAAAAAAAAAAAAAAACCCCAA	333333333333333333333332222223	f9d8bd7
PRJEB70964	R1	ERR12353596.fastq.gz	9905602	35	0.8899	33	35	37	23	23	0.0000	0.0000	0.0000	0.0000	0.0000	0.0000	0.0000	0.0000	AAAAAAAAAAAAAAAAAAAAAAAAAAAAAA	333333333333333333333333333332	AAAAAAAAAAAAAAAAAAAAAAAAAGCAAA	333333333333333333333333222233	f9d8bd7
PRJEB70964	R1	ERR12353597.fastq.gz	8960058	35	0.8896	33	35	37	23	23	0.0000	0.0000	0.0000	0.0000	0.0000	0.0000	0.0000	0.0000	AAAAAAAAAAAAAAAAAAAAAAAAAAAAAC	323333333333333333333333333322	AAAAAAAAAAAAAAAAAAAAAAAACGCCAA	333333333333333333333332222223	f9d8bd7
PRJEB70964	R1	ERR12353610.fastq.gz	11238722	35	0.8986	33	35	37	23	23	0.0000	0.0000	0.0000	0.0000	0.0000	0.0000	0.0000	0.0000	ACAAAAAAAAAAAAAAAAAAAAAAAAAACC	323333333333333333333333333323	AAAAAAAAAAAAAAAAAAAAAAACCCCCCA	333333333333333333333332323233	f9d8bd7
PRJEB70964	R1	ERR12353598.fastq.gz	7340945	35	0.8860	33	35	37	23	23	0.0000	0.0000	0.0000	0.0000	0.0000	0.0000	0.0000	0.0000	AAAAAAAAAAAAAAAAAAAAAAAAAAAAAC	323333333333333333333333333322	AAAAAAAAAAAAAAAAAAAAAAAACGCCAA	333333333333333333333332222223	f9d8bd7
PRJEB70964	R1	ERR12353611.fastq.gz	8729608	35	0.8943	33	35	37	23	23	0.0000	0.0000	0.0000	0.0000	0.0000	0.0000	0.0000	0.0000	AAAAAAAAAAAAAAAAAAAAAAAAAAAACC	323333333333333333333333323323	AAAAAAAAAAAAAAAAAAAAAAACCCCCCA	333333333333333333332332323233	f9d8bd7
PRJEB70964	R1	ERR12353599.fastq.gz	9072306	35	0.8919	33	35	37	23	23	0.0000	0.0000	0.0000	0.0000	0.0000	0.0000	0.0000	0.0000	ACAAAAAAAAAAAAAAAAAAAAAAAAAACC	323233333333333333333333323223	AAAAAAAAAAAAAAAAAAAAAAACCCCCCC	333333333333333333332332333232	f9d8bd7
PRJEB70964	R1	ERR12353600.fastq.gz	8887432	35	0.8954	33	35	37	23	23	0.0000	0.0000	0.0000	0.0000	0.0000	0.0000	0.0000	0.0000	ACGAAAAAAAAAAAAAAAAAAAAAACAACC	333233333333333333323332223233	AAAAAAAAAAAAAAAAAAAACAACCCCCCC	333333333333332333222323333232	f9d8bd7
PRJEB70964	R1	ERR12353601.fastq.gz	8643029	35	0.9040	33	35	37	23	23	0.0000	0.0000	0.0000	0.0000	0.0000	0.0000	0.0000	0.0000	ACGCACAACCCCCCCCCCCCAACCCCCCCC	433332322333333332222223333333	CAACCCCCCCCCCCCCACCCCCCCCCCCCC	233233333333222222333333333333	f9d8bd7
PRJEB70964	R1	ERR12353603.fastq.gz	8903218	35	0.8942	33	35	37	23	23	0.0000	0.0000	0.0000	0.0000	0.0000	0.0000	0.0000	0.0000	ACGCGCGCACCCCCCCCCCCCCCCCCCCCC	443433223334333333322233333333	CGCCCCCCCCCCCCCCCCCCCCCCCCCCCC	322333433333332222333333333343	f9d8bd7
PRJEB70964	R1	ERR12353604.fastq.gz	8994132	35	0.8804	33	35	37	23	23	0.0000	0.0000	0.0000	0.0000	0.0000	0.0000	0.0000	0.0000	ACGCGCATACCCCCCCCCCCCCCCCCCCCC	443433333334333333333333334333	CATCCCCCCCCCCCCCCCCCCCCCCCCCCC	322233433333333333333333333243	f9d8bd7
PRJEB70964	R1	ERR12353605.fastq.gz	8135966	35	0.8603	33	35	37	23	23	0.0000	0.0000	0.0000	0.0000	0.0000	0.0000	0.0000	0.0000	ACGCGCCTACCCCCCCCCCCTTTCCCCCCC	343543233335434333323333444443	CCTACACCCCCCCCCCTTCCCCCCCCCGCC	323233543433333333344444333353	f9d8bd7
PRJEB70964	R1	ERR12353606.fastq.gz	5960615	35	0.8623	33	35	37	23	23	0.0000	0.0000	0.0000	0.0000	0.0000	0.0000	0.0000	0.0000	TCACGCCTGTACCACACGCTTTTACCCCCA	343554433436444443423333544562	CCTGTACCACACGCGTTTACCCCCACTGCC	433344654444343334454466345574	f9d8bd7
PRJNA990511	R1	SRR25177898.fastq.gz	9231	40	0.9275	21	40	227	20	20	0.0000	0.0000	0.0000	0.0000	0.0002	0.0000	0.0000	0.0000	GCCGCGGGGGGGGGGGGGGGGGGGGGGGTG	433333333344433333444443444332	GGGTGGGGGGGGGGGGGGTGGTCTTGGTGC	444333334444434443323333333333	f9d8bd7
PRJNA883192	R1	SRR21674162_1.fastq.gz	1417907	151	1.0000	151	151	151	16	15	0.9423	0.0000	0.0000	0.0000	0.9272	0.9250	0.9287	0.0000	ATGCCATCCTACCAACCCGGGGGGGGGGGG	999999999999999953445545444443	CCGTCTTCTGCTTGAAAAAAAAAAAAAAAA	988889888889889999999999987566	f9d8bd7
PRJNA883192	R1	SRR21674163_1.fastq.gz	527166	151	1.0000	151	151	151	16	15	0.9406	0.0000	0.0000	0.0000	0.9246	0.9234	0.9298	0.0000	ATGCCATCCTACCAACCAGGGGGGGGGGGG	999999999999999953455554445453	CCGTCTTCTGCTTGAAAAAAAAAAAAAAAA	988889888889889999999999987566	f9d8bd7
PRJNA883192	R2	SRR21674162_2.fastq.gz	1417907	151	1.0000	151	151	151	16	15	0.0000	0.0000	0.9468	0.0000	0.0000	0.0000	0.9269	0.0000	TCGAGTTCAGAGCTCCCCCCCCCCCCCCCC	999999999999999755544433434444	GTATCATTAAAAAAAAAAAATGTAGAACTA	877887988999999999853344443334	f9d8bd7
PRJNA883192	R2	SRR21674163_2.fastq.gz	527166	151	1.0000	151	151	151	16	15	0.0000	0.0000	0.9451	0.0000	0.0000	0.0000	0.9228	0.0000	TCGAGTTCAGAGCTCCCCCCCCCCCCCCCC	999999999999999866644443435455	GTATCATTAAAAAAAAAAAATGTAGAACTA	877887988999999999853344443334	f9d8bd7
PRJNA615076	R1	SRR11413174_1.fastq.gz	107638	86	0.8181	35	86	151	23	23	0.9303	0.8615	0.0001	0.0001	0.8950	0.8712	0.0000	0.0000	TAGGGAAGAGAAGGACATATGATAAAAAAA	999999999999999999999992222222	AAAAAAATTGACTAGTACATGACCACTTGA	322223399999999999999999999999	f9d8bd7
PRJNA615076	R1	SRR11413173_1.fastq.gz	342616	86	0.7832	35	86	151	23	23	0.9091	0.8373	0.0001	0.0001	0.8725	0.8544	0.0000	0.0000	TAGGGAAGAGAAGGACATATGATCCTTCCC	999999999999999999999992222222	ATTCTTATTGACTAGTACATGACCACTTGA	222222299999999989898899999999	f9d8bd7
PRJNA615076	R1	SRR11413171_1.fastq.gz	330387	86	0.7981	35	86	151	23	23	0.9380	0.8533	0.0001	0.0001	0.9007	0.8823	0.0000	0.0000	TAGGGAAGAGAAGGACATATGATCCTCCCC	999999999999999999999993222222	TTTTTTCTTGACTAGTACATGACCACTTGA	222222299989999989898899899999	f9d8bd7
PRJNA615076	R1	SRR11413170_1.fastq.gz	258891	86	0.8057	35	86	151	23	23	0.9341	0.8605	0.0001	0.0001	0.8971	0.8779	0.0000	0.0000	TAGGGAAGAGAAGGACATATGATCCCCCCC	999999999999999999999993322222	CCAATTATTGACTAGTACATGACCACTTGA	222222299999999989899899999999	f9d8bd7
PRJNA615076	R1	SRR11413169_1.fastq.gz	251043	86	0.7481	35	86	151	23	23	0.8865	0.7991	0.0000	0.0000	0.8499	0.8323	0.0000	0.0000	TAGGGAAGAGAAGGACATATGATCCTCCCC	999999999999999999999993322333	CTTCTCATTGACTAGTACATGACCACTTGA	222222299889998989898889889989	f9d8bd7
PRJNA615076	R1	SRR11413168_1.fastq.gz	299303	86	0.7709	35	86	151	23	23	0.9036	0.8235	0.0001	0.0001	0.8683	0.8492	0.0000	0.0000	TAGGGAAGAGAAGGACATATGATCCTTCCC	999999999999999999999993332333	ACTCTTATTGACTAGTACATGACCACTTGA	222223299889999989898899899999	f9d8bd7
PRJNA615076	R1	SRR11413167_1.fastq.gz	253449	86	0.7683	35	86	151	23	23	0.8884	0.8202	0.0000	0.0000	0.8530	0.8355	0.0000	0.0000	TAGGGAAGAGAAGGACATATGATCCTTCCC	999999999999999999999993332333	ATTATTATTGACTAGTACATGACCACTTGA	222232299999999989898899999999	f9d8bd7
PRJNA615076	R1	SRR11413166_1.fastq.gz	308397	86	0.7778	35	86	151	23	23	0.9184	0.8288	0.0001	0.0001	0.8825	0.8591	0.0000	0.0000	TAGGGAAGAGAAGGACATATGATCCTTCCC	999999999999999999999993332333	CTTTTCCTTGACTAGTACATGACCACTTGA	222232299889998989898899889989	f9d8bd7
PRJNA615076	R1	SRR11413165_1.fastq.gz	247589	86	0.7421	35	86	151	23	23	0.8818	0.7913	0.0001	0.0001	0.8475	0.8291	0.0000	0.0000	TAGGGAAGAGAAGGACATATGATCCTTCCC	999999999999999999999993332333	AAGGTTATTGACTAGTACATGACCACTTGA	222232299889988989898889889989	f9d8bd7
PRJNA615076	R1	SRR11413164_1.fastq.gz	317454	86	0.7894	35	86	151	23	23	0.9277	0.8418	0.0001	0.0001	0.8913	0.8716	0.0000	0.0000	TAGGGAAGAGAAGGACATATGATCCTTCCC	999999999999999999999993333333	AAGGTCATTGACTAGTACATGACCACTTGA	222222399889999989898899899999	f9d8bd7
PRJNA615076	R1	SRR11413172_1.fastq.gz	339165	86	0.7781	35	86	151	23	23	0.9129	0.8300	0.0000	0.0000	0.8772	0.8598	0.0000	0.0000	TAGGGAAGAGAAGGACATATGATCCTTCCC	999999999999999999999993332333	AAAGTCATTGACTAGTACATGACCACTTGA	222232399889999989898899899999	f9d8bd7
PRJNA615076	R2	SRR11413174_2.fastq.gz	107638	86	0.8230	35	86	151	23	23	0.0000	0.0001	0.9092	0.8600	0.0000	0.0001	0.0000	0.0000	TCAAGTGGTCATGTACTAGTCAATTTTTTT	999999999999999999999992222222	TTTTTTTATCATATGTCCTTCTCTTCCCTA	223222399899999999999999999999	f9d8bd7
PRJNA615076	R2	SRR11413173_2.fastq.gz	342616	86	0.7878	35	86	151	23	23	0.0001	0.0001	0.8906	0.8264	0.0001	0.0001	0.0000	0.0000	TCAAGTGGTCATGTACTAGTCAAAAAAAAA	999999999999999999999992222222	AATAAGGATCATATGTCCTTCTCTTCCCTA	222222289899998999998999999999	f9d8bd7
PRJNA615076	R2	SRR11413171_2.fastq.gz	330387	86	0.8042	35	86	151	23	23	0.0001	0.0001	0.9095	0.8424	0.0001	0.0001	0.0000	0.0000	TCAAGTGGTCATGTACTAGTCAAGAAAAAA	999999999999999999999992222222	GAAAAGGATCATATGTCCTTCTCTTCCCTA	222222289888998999998999999999	f9d8bd7
PRJNA615076	R2	SRR11413170_2.fastq.gz	258891	86	0.8092	35	86	151	23	23	0.0001	0.0001	0.9141	0.8479	0.0001	0.0001	0.0000	0.0000	TCAAGTGGTCATGTACTAGTCAAGAAAAAA	999999999999999999999992222222	GGGAAGGATCATATGTCCTTCTCTTCCCTA	222223289899998999998999999999	f9d8bd7
PRJNA615076	R2	SRR11413169_2.fastq.gz	251043	86	0.7531	35	86	151	23	23	0.0000	0.0000	0.8568	0.7872	0.0000	0.0000	0.0000	0.0000	TCAAGTGGTCATGTACTAGTCAAGGAAAAG	999999999999999999999992222222	GGGAAGGATCATATGTCCTTCTCTTCCCTA	222223389888888899998899899999	f9d8bd7
PRJNA615076	R2	SRR11413168_2.fastq.gz	299303	86	0.7771	35	86	151	23	23	0.0001	0.0001	0.8819	0.8146	0.0001	0.0001	0.0000	0.0000	TCAAGTGGTCATGTACTAGTCAAGAAAAAA	999999999999999999999992222222	GGGAAGGATCATATGTCCTTCTCTTCCCTA	222223389888998999998999999999	f9d8bd7
PRJNA615076	R2	SRR11413167_2.fastq.gz	253449	86	0.7720	35	86	151	23	23	0.0000	0.0000	0.8705	0.8087	0.0000	0.0000	0.0000	0.0000	TCAAGTGGTCATGTACTAGTCAATAAAAAA	999999999999999999999992232222	GGGAAGGATCATATGTCCTTCTCTTCCCTA	222323389899998999998999999999	f9d8bd7
PRJNA615076	R2	SRR11413166_2.fastq.gz	308397	86	0.7870	35	86	151	23	23	0.0001	0.0001	0.8900	0.8242	0.0001	0.0001	0.0000	0.0000	TCAAGTGGTCATGTACTAGTCAATAACAAA	999999999999999999999992232222	GGGAAGGATCATATGTCCTTCTCTTCCCTA	222333389888998999998999999999	f9d8bd7
PRJNA615076	R2	SRR11413165_2.fastq.gz	247589	86	0.7510	35	86	151	23	23	0.0001	0.0001	0.8539	0.7847	0.0001	0.0001	0.0000	0.0000	TCAAGTGGTCATGTACTAGTCAATGACAAT	999999999999999999999992232222	GGGAAGGATCATATGTCCTTCTCTTCCCTA	232333389888888899998999899999	f9d8bd7
PRJNA615076	R2	SRR11413164_2.fastq.gz	317454	86	0.7980	35	86	151	23	23	0.0001	0.0001	0.9061	0.8365	0.0001	0.0001	0.0000	0.0000	TCAAGTGGTCATGTACTAGTCAATGACAAA	999999999999999999999992232222	GGAAAGGATCATATGTCCTTCTCTTCCCTA	332333389898998999998999999999	f9d8bd7
PRJNA615076	R2	SRR11413172_2.fastq.gz	339165	86	0.7847	35	86	151	23	23	0.0000	0.0000	0.8937	0.8222	0.0000	0.0000	0.0000	0.0000	TCAAGTGGTCATGTACTAGTCAATGACAAA	999999999999999999999992232222	GGAAAGGATCATATGTCCTTCTCTTCCCTA	232333389898998999998999999999	f9d8bd7
PRJNA809588	R1	SRR18110617.fastq.gz	42029173	101	1.0000	101	101	101	12	25	0.0001	0.0000	0.0000	0.0000	0.9820	0.9338	0.9550	0.0000	ACTGAGAGGACGATGCGGCAAAAAAAAAAA	999999999999999999333333333333	GAGGATCCGAGAGCATGAGATCGGAAGAGC	999999999999999999999999999999	f9d8bd7
PRJNA809588	R1	SRR18110628.fastq.gz	21744510	99	1.0000	99	99	99	12	25	0.0000	0.0000	0.0000	0.0000	0.9334	0.8157	0.0013	0.0000	CTGAGAGGACGATGCGGCAAAAAAAAACAA	899999999999999993223223222222	TGAGGATCCGAGAGCATGGATCGGAAGAGC	777887777777777778877788887777	f9d8bd7
PRJNA809588	R1	SRR18110627.fastq.gz	32574011	99	1.0000	99	99	99	12	25	0.0000	0.0000	0.0000	0.0000	0.9580	0.7489	0.0989	0.0000	TAAGCGAGGACGATGCGGCCAAAAACATCA	999999999999999999332322222232	CTGAGGATCCGAGACTGTCAGATCGGAAGA	777787768777776766676766878777	f9d8bd7
PRJNA809588	R1	SRR18110626.fastq.gz	28501392	99	1.0000	99	99	99	12	25	0.0000	0.0000	0.0000	0.0000	0.9434	0.5163	0.0006	0.0000	GTCAATGAGGACGATGCGGCCGATTTCGTC	999999999999999999955354444345	GCTGAGGATCCGAGAGTTAGATGATCGGAA	555558555855555585555544448585	f9d8bd7
PRJNA809588	R1	SRR18110625.fastq.gz	22864271	99	1.0000	99	99	99	12	25	0.0000	0.0000	0.0000	0.0000	0.9400	0.1769	0.0003	0.0000	ACGCTGAGAGGACGATGCGGCCGATTTCGT	699999999999999999997767767766	GCTGAGGATCCGAGATTGCTCGCGATCGGA	677777877787777787777777766787	f9d8bd7
PRJNA809588	R1	SRR18110624.fastq.gz	43377134	99	1.0000	99	99	99	12	25	0.0000	0.0000	0.0000	0.0000	0.9787	0.2229	0.0016	0.0000	CTGAGAGGACGATGCGGCCGATTTCGTCAT	999999999999999997757766656756	GAGGATCCGAGAGCATGGATCGGAAGAGCA	667866786666666678666787866666	f9d8bd7
PRJNA809588	R1	SRR18110623.fastq.gz	42269186	99	1.0000	99	99	99	12	25	0.0000	0.0000	0.0000	0.0000	0.9820	0.1252	0.1138	0.0000	TAAGCGAGGACGATGCGGCCGATTTCGTCA	999999999999999999786886676686	TGAGGATCCGAGACTGTCAGATCGGAAGAG	777887788777777677777778888777	f9d8bd7
PRJNA809588	R1	SRR18110622.fastq.gz	33803238	99	1.0000	99	99	99	12	25	0.0000	0.0000	0.0000	0.0000	0.9788	0.2150	0.0010	0.0000	TTCAATGAGGACGATGCGGCCGATTTCGTC	599999999999999999977677767667	CTGAGGATCCGAGAGTTAGATGATCGGAAG	666678667866666786666666678786	f9d8bd7
PRJNA809588	R1	SRR18110621.fastq.gz	37275570	99	1.0000	99	99	99	12	25	0.0000	0.0000	0.0000	0.0000	0.9792	0.2036	0.0002	0.0000	ACGCTGAGAGGACGATGCGGCCGATTTCGT	999999999999999999997777777777	GCTGAGGATCCGAGATTGCTCGCGATCGGA	666667866786666786666666666787	f9d8bd7
PRJNA809588	R1	SRR18110620.fastq.gz	27414293	99	1.0000	99	99	99	12	25	0.0000	0.0000	0.0000	0.0000	0.9824	0.0317	0.1503	0.0000	TAAGCGAGGACGATGCGGCCGATTTCGTCA	999999999999999999995885484594	TGAGGATCCGAGACTGTCAGATCGGAAGAG	777887788777777777777778888777	f9d8bd7
PRJNA1395820	R1	SRR36645706_1.fastq.gz	3199891	150	1.0000	150	150	150	20	20	0.0013	0.0000	0.0000	0.0000	0.9660	0.9477	0.0000	0.0000	GTACACTGCACTGCGTTAGAGGTGGGGGTT	399999999999999999999333233333	ACATCTCGTATGCCGTCTTCTGCTTGAAAA	988887898888998889988989889987	f9d8bd7
PRJNA1395820	R2	SRR36645706_2.fastq.gz	3199891	150	1.0000	150	150	150	20	20	0.0000	0.0000	0.9938	0.0000	0.0000	0.0000	0.9793	0.0000	CAGTACTGTGACACGTCCATCACAAAAAAA	999999999999999999992332333333	GCGTGTAGATCTCGGTGGTCGCCGTATCAT	989898988988899899889999888889	f9d8bd7
PRJEB62495	R1	ERR11470025.fastq.gz	368381	85	1.0000	85	85	85	20	20	0.9728	0.0000	0.0000	0.0000	0.9523	0.3102	0.0011	0.0000	GGCTTCTGGACTACCTATGCAAAAAAAAAA	999999999999999999993333333343	AAGAACGTGGTTACAGTCAGAGGACAGATT	223239997999999998888999648887	f9d8bd7
PRJEB62495	R1	ERR11470026.fastq.gz	62854	85	1.0000	85	85	85	20	20	0.9726	0.0000	0.0000	0.0000	0.9502	0.9261	0.0032	0.0000	GGCTTCTGGACTACCTATGCAAAAAAAAAA	999999999999999999994333333344	AGGGACGTGGTTACAGTCAGAGGAGAGATC	333339999999999988998999888886	f9d8bd7
PRJEB62495	R1	ERR11470027.fastq.gz	350448	85	1.0000	85	85	85	20	20	0.9755	0.0000	0.0000	0.0000	0.9560	0.3149	0.0011	0.0000	GGCTTCTGGACTACCTATGCAAAGAAAAAA	999999999999999999994433443443	TACGACGTGGTTACAGTCAGAGGACAGATT	223339997999999998888999648887	f9d8bd7
PRJEB62495	R1	ERR11470028.fastq.gz	65393	85	1.0000	85	85	85	20	20	0.9734	0.0000	0.0000	0.0000	0.9532	0.9207	0.0019	0.0000	GGCTTCTGGACTACCTATGCCACGAACATA	999999999999999999993444543533	TTCGCCGTGGTTACAGTCAGAGGAGAGATC	344449999999999999999999999996	f9d8bd7
PRJEB62495	R1	ERR11470029.fastq.gz	73950	85	1.0000	85	85	85	20	20	0.9742	0.0005	0.0000	0.0000	0.9508	0.9054	0.0017	0.0000	GGCTTCTGGACTACCTATGCCACGAACATT	999999999999999999995575555744	TTCGCCGTGGTTACAGTCAGAGGAGAGATC	465569999999999999999999999996	f9d8bd7
PRJEB62495	R1	ERR11470030.fastq.gz	141120	85	1.0000	85	85	85	20	20	0.9801	0.0009	0.0000	0.0000	0.9602	0.9015	0.0016	0.0000	GGCTTCTGGACTACCTATGCTTCCGCAACC	999999999999999999996787777877	CTTACCGTGGTTACAGTCAGAGGAGAGATC	777779999999999999999999999996	f9d8bd7
PRJEB62495	R1	ERR11470034.fastq.gz	79029	85	1.0000	85	85	85	20	20	0.9740	0.0002	0.0000	0.0000	0.9503	0.8803	0.0018	0.0000	GGCTTCTGGACTACCTATGCTTCCGCAACC	999999999999999999993554455644	CTTACCGTGGTTACAGTCAGAGGAGAGATC	644649999999988998899998999886	f9d8bd7
PRJEB62495	R1	ERR11470031.fastq.gz	63007	85	1.0000	85	85	85	20	20	0.9798	0.0002	0.0000	0.0000	0.9531	0.8077	0.0029	0.0000	GGCTTCTGGACTACCTATGCTTCCGCAACC	999999999999999999993566454755	CTTACCGTGGTTACAGTCAGAGGAGAGATT	644559989999888988898998989885	f9d8bd7
PRJEB62495	R1	ERR11470032.fastq.gz	60229	85	1.0000	85	85	85	20	20	0.9827	0.0003	0.0000	0.0000	0.9546	0.8104	0.0033	0.0000	GGCTTCTGGACTACCTATGCTTCCGCAACC	999999999999999999993575444756	CTTACCGTGGTTACAGTCAGAGGAGAGATT	644559989999888988898998989885	f9d8bd7
PRJEB62495	R1	ERR11470035.fastq.gz	76076	85	1.0000	85	85	85	20	20	0.9807	0.0003	0.0000	0.0000	0.9536	0.8147	0.0028	0.0000	GGCTTCTGGACTACCTATGCTTCCGCAACC	999999999999999999993566455756	CTTACCGTGGTTACAGTCAGAGGAGAGATT	645659989999888988898998989885	f9d8bd7
PRJEB62495	R1	ERR11470033.fastq.gz	182390	85	1.0000	85	85	85	20	20	0.9670	0.0002	0.0000	0.0000	0.9317	0.4269	0.0018	0.0000	GGCTTCTGGACTACCTATGCATCCGCAACC	999999999999999999993474443745	CTTACCGTGGTTACAGTCAGAGGAGAGATG	333459987868797878687998748953	f9d8bd7
PRJEB62495	R1	ERR11470036.fastq.gz	72187	85	1.0000	85	85	85	20	20	0.9764	0.0001	0.0000	0.0000	0.9422	0.7647	0.0033	0.0000	GGCTTCTGGACTACCTATGCATCCCCTACC	999999999999999999994444333545	CCTACCGTGGTTACAGTCAGAGGAGAGATT	553338889988877888788998888875	f9d8bd7
PRJDB19098	R1	DRR615208.fastq.gz	33512	88	0.6530	25	88	182	35	18	0.9482	0.9179	0.0000	0.0000	0.9357	0.9151	0.0000	0.0000	TAATACGACTCACTATAGGGAAGCTCCGTC	999999999999999999999999999999	AAAAAAAAAAAATACGCCTGCGTAGCTCCT	222222222222999999999999999999	f9d8bd7
PRJDB19098	R1	DRR615209.fastq.gz	37850	88	0.6504	25	88	182	35	18	0.9617	0.9129	0.0000	0.0000	0.9462	0.9101	0.0000	0.0000	TAATACGACTCACTATAGGGAAGCTCCGTC	999999999999999999999999999999	AAAAAAAAACAGTACGCCTGCGTAGCTCCT	222222222222999999999999999999	f9d8bd7
PRJDB19098	R1	DRR615210.fastq.gz	46708	88	0.6399	26	88	188	35	18	0.9601	0.9085	0.0000	0.0000	0.9408	0.9057	0.0000	0.0000	TAATACGACTCACTATAGGGAAGCTCCGTC	999999999999999999999999999999	AAAAAAAAACAATACGCCTGCGTAGCTCCT	222222222222999999999999999999	f9d8bd7
PRJDB19098	R1	DRR615211.fastq.gz	45351	88	0.6355	25	88	184	35	18	0.9618	0.9075	0.0000	0.0000	0.9421	0.9052	0.0000	0.0000	TAATACGACTCACTATAGGGAAGCTCCGTC	999999999999999999999999999999	GGGGAAAAACCATACGCCTGCGTAGCTCCT	222222222222999999999999999999	f9d8bd7
PRJDB19098	R1	DRR615212.fastq.gz	33872	88	0.6144	25	88	176	35	18	0.9579	0.9072	0.0000	0.0000	0.9454	0.9039	0.0000	0.0000	TAATACGACTCACTATAGGGAAGCTCCGTC	999999999999999999999999999999	GGGGGCCACCCATACGCCTGCGTAGCTCCT	322222222322999999999999999999	f9d8bd7
PRJDB19098	R1	DRR615213.fastq.gz	46581	88	0.6026	25	88	179	35	18	0.9592	0.9015	0.0000	0.0000	0.9467	0.8993	0.0000	0.0000	TAATACGACTCACTATAGGGAAGCTCCGTC	999999999999999999999999999999	GGGGGCCCCCCCTACGCCTGCGTAGCTCCT	333222223332999999999999999999	f9d8bd7
PRJEB47428	R1	ERR7416988.fastq.gz	381785	40	1.0000	40	40	40	0	0							0.0000	0.0000	GGGGGGGGGGGGGGGGGGGGGGGGGGGGGG	323333333333333333333333333333	GGGGGGGGGGGGGGGGGGGGGGGGGGGGGG	333333333333333333333333333334	f9d8bd7
PRJEB47428	R1	ERR7416992.fastq.gz	119503	40	1.0000	40	40	40	0	0							0.0000	0.0000	GGGGGGGGGGGGGGGGGGGGGGGGGGGGGG	333333333333333333333333333333	GGGGGGGGGGGGGGGGGGGGGGGGGGGGGG	333333333333333333333333333334	f9d8bd7
PRJEB47428	R1	ERR7416996.fastq.gz	130655	40	1.0000	40	40	40	0	0							0.0000	0.0000	GGGGGGGGGGGGGGGGGGGGGGGGGGGGGG	333333333333333333333333333333	GGGGGGGGGGGGGGGGGGGGGGGGGGGGGG	333333333333333333333333333333	f9d8bd7
PRJEB47428	R1	ERR7417000.fastq.gz	98583	40	1.0000	40	40	40	0	0							0.0000	0.0000	GGGGGGGGGGGGGGGGGGGGGGGGGGGGGG	333333333333333333333333333334	GGGGGGGGGGGGGGGGGGGGGGGGGGGGGG	333333333333333333344344344444	f9d8bd7
PRJEB47428	R1	ERR7417004.fastq.gz	108497	40	1.0000	40	40	40	0	0							0.0000	0.0000	GGGGGGGGGGGGGGGGGGGGGGGGGGGGGG	333333333333333333333333333333	GGGGGGGGGGGGGGGGGGGGGGGGGGGGGG	333333333333333333333333333334	f9d8bd7
PRJEB47428	R1	ERR7417008.fastq.gz	456776	40	1.0000	40	40	40	0	0							0.0000	0.0000	GGGGGGGGGGGGGGGGGGGGGGGGGGGGGG	333333333333333333333333333333	GGGGGGGGGGGGGGGGGGGGGGGGGGGGGG	333333333333333333333333333333	f9d8bd7
PRJEB47428	R1	ERR7417012.fastq.gz	120261	40	1.0000	40	40	40	0	0							0.0000	0.0000	GGGGGGGGGGGGGGGGGGGGGGGGGGGGGG	333333333333333333333333333333	GGGGGGGGGGGGGGGGGGGGGGGGGGGGGG	333333333333333333333333333333	f9d8bd7
PRJEB47428	R1	ERR7417016.fastq.gz	149227	40	1.0000	40	40	40	0	0							0.0000	0.0000	GGGGGGGGGGGGGGGGGGGGGGGGGGGGGG	333333333333333333333333333333	GGGGGGGGGGGGGGGGGGGGGGGGGGGGGG	333333333333333333333333333333	f9d8bd7
PRJEB47428	R1	ERR7417020.fastq.gz	109143	40	1.0000	40	40	40	0	0							0.0000	0.0000	TGGGGGGGGGGGGGGGGGGGGGGGGGGGGG	233333333333333333333333333333	GGGGGGGGGGGGGGGGGGGGGGGGGGGGGG	333333333333333333333333333334	f9d8bd7
PRJEB47428	R1	ERR7417024.fastq.gz	361446	40	1.0000	40	40	40	0	0							0.0000	0.0000	GGGGGGGGGGGGGGGGGGGGGGGGGGGGGG	333333333333333333333333333333	GGGGGGGGGGGGGGGGGGGGGGGGGGGGGG	333333333333333333333344444444	f9d8bd7
PRJEB47428	R1	ERR7417028.fastq.gz	184864	40	1.0000	40	40	40	0	0							0.0000	0.0000	GGGGGGGGGGGGGGGGGGGGGGGGGGGGGG	333333333333333333333333333333	GGGGGGGGGGGGGGGGGGGGGGGGGGGGGG	333333333333333333333344333344	f9d8bd7
PRJEB47428	R1	ERR7417032.fastq.gz	91268	40	1.0000	40	40	40	0	0							0.0000	0.0000	TGGGGGGGGGGGGGGGGGGGGGGGGGGGGG	333333333333333333333333333333	GGGGGGGGGGGGGGGGGGGGGGGGGGGGGG	333333333333333333333333333333	f9d8bd7
PRJEB47428	R1	ERR7417036.fastq.gz	122896	40	1.0000	40	40	40	0	0							0.0000	0.0000	GGGGGGGGGGGGGGGGGGGGGGGGGGGGGG	333333333333333333333333333333	GGGGGGGGGGGGGGGGGGGGGGGGGGGGGG	333333333333333333333333333333	f9d8bd7
PRJEB47428	R1	ERR7417040.fastq.gz	470251	40	1.0000	40	40	40	0	0							0.0000	0.0000	GGGGGGGGGGGGGGGGGGGGGGGGGGGGGG	333333333333333333333333333333	GGGGGGGGGGGGGGGGGGGGGGGGGGGGGG	333333333333333333333333333333	f9d8bd7
PRJEB47428	R1	ERR7417044.fastq.gz	435081	40	1.0000	40	40	40	0	0							0.0000	0.0000	GGGGGGGGGGGGGGGGGGGGGGGGGGGGGG	333333333333333333333333333333	GGGGGGGGGGGGGGGGGGGGGGGGGGGGGG	333333333333333333333333333333	f9d8bd7
PRJEB47428	R1	ERR7417048.fastq.gz	346083	40	1.0000	40	40	40	0	0							0.0000	0.0000	TTTTTTGGTGCGGTGGGGTTGGTGTGTGGG	332333332323322333332334333333	CGGTGGGGTTGGTGTGTGGGGGGGGGGTGG	233223333323343333333333434333	f9d8bd7
PRJEB47428	R1	ERR7417052.fastq.gz	107385	40	1.0000	40	40	40	0	0							0.0000	0.0000	TGGGGGGGGGGGGGGGGGGGGGGGGGGGGG	333332333332333333333333333333	GGGGGGGGGGGGGGGGGGGGGGGGGGGGGG	323333333333333333333333333334	f9d8bd7
PRJEB47428	R1	ERR7417060.fastq.gz	118287	40	1.0000	40	40	40	0	0							0.0000	0.0000	GGGGGGGGGGGGGGGGGGGGGGGGGGGGGG	333333333333333333333333333333	GGGGGGGGGGGGGGGGGGGGGGGGGGGGGG	333333333333333333333333333333	f9d8bd7
PRJEB47428	R1	ERR7417064.fastq.gz	205441	40	1.0000	40	40	40	0	0							0.0000	0.0000	GGGGGGGGGGGGGGGGGGGGGGGGGGGGGG	333333333333333333333333333333	GGGGGGGGGGGGGGGGGGGGGGGGGGGGGG	333333333333333333333333333333	f9d8bd7
PRJEB47428	R1	ERR7417068.fastq.gz	171995	40	1.0000	40	40	40	0	0							0.0000	0.0000	TTTTTTTTTTTTTTTTTTTTTTTTTTTTTT	333333333333333333333333333333	TTTTTTTTTTTTTTTTTTTTTTTTTTTTTT	333333333333333333333333333333	f9d8bd7
PRJEB47428	R1	ERR7417072.fastq.gz	404404	40	1.0000	40	40	40	0	0							0.0000	0.0000	TGGGGGGGGGGGGGGGGGGGGGGGGGGGGG	222333333333333333333333333333	GGGGGGGGGGGGGGGGGGGGGGGGGGGGGG	333333333333333333333333333333	f9d8bd7
PRJEB47428	R1	ERR7417076.fastq.gz	432430	40	1.0000	40	40	40	0	0							0.0000	0.0000	GGGGGGGGGGGGGGGGGGGGGGGGGGGGGG	333333333333333333333333333333	GGGGGGGGGGGGGGGGGGGGGGGGGGGGGG	333333333333333333334444344343	f9d8bd7
PRJEB47428	R1	ERR7416989.fastq.gz	307156	40	1.0000	40	40	40	0	0							0.0000	0.0000	GGGGGGGGGGGGGGGGGGGGGGGGGGGGGG	322333333333333333333333333333	GGGGGGGGGGGGGGGGGGGGGGGGGGGGGG	333333333333333333333333333334	f9d8bd7
PRJEB47428	R1	ERR7416993.fastq.gz	182735	40	1.0000	40	40	40	0	0							0.0000	0.0000	GGGGGGGGGGGGGGGGGGGGGGGGGGGGGG	333333333333333333333333333333	GGGGGGGGGGGGGGGGGGGGGGGGGGGGGG	333333333333333333333333333334	f9d8bd7
PRJEB47428	R1	ERR7416997.fastq.gz	190134	40	1.0000	40	40	40	0	0							0.0000	0.0000	GGGGGGGGGGGGGGGGGGGGGGGGGGGGGG	333333333333333333333333333333	GGGGGGGGGGGGGGGGGGGGGGGGGGGGGG	333333333333333333333333333333	f9d8bd7
PRJEB47428	R1	ERR7417001.fastq.gz	121664	40	1.0000	40	40	40	0	0							0.0000	0.0000	GGGGGGGGGGGGGGGGGGGGGGGGGGGGGG	333333333333333333333333333333	GGGGGGGGGGGGGGGGGGGGGGGGGGGGGG	333333333333333333333333333333	f9d8bd7
PRJEB47428	R1	ERR7417005.fastq.gz	221550	40	1.0000	40	40	40	0	0							0.0000	0.0000	GGGGGGGGGGGGGGGGGGGGGGGGGGGGGG	333333333333333333333334333333	GGGGGGGGGGGGGGGGGGGGGGGGGGGGGG	333333333333343333333333333334	f9d8bd7
PRJEB47428	R1	ERR7417009.fastq.gz	448196	40	1.0000	40	40	40	0	0							0.0000	0.0000	GGGTGGGGGGGGGGGGGGGGGGGGGGGGGG	422333333333333333333333333333	GGGGGGGGGGGGGGGGGGGGGGGGGGGGGG	333333333333333333333333333333	f9d8bd7
PRJEB47428	R1	ERR7417013.fastq.gz	214160	40	1.0000	40	40	40	0	0							0.0000	0.0000	GGGGGGGGGGGGGGGGGGGGGGGGGGGGGG	333333333333333333333333333333	GGGGGGGGGGGGGGGGGGGGGGGGGGGGGG	333333333333333333333333333333	f9d8bd7
PRJEB47428	R1	ERR7417017.fastq.gz	158621	40	1.0000	40	40	40	0	0							0.0000	0.0000	GGGGGGGGGGGGGGGGGGGGGGGGGGGGGG	333333333333333333333333333333	GGGGGGGGGGGGGGGGGGGGGGGGGGGGGG	333333333333333333333333333333	f9d8bd7
PRJEB47428	R1	ERR7417021.fastq.gz	121005	40	1.0000	40	40	40	0	0							0.0000	0.0000	TGGGGGGGGGGGGGGGGGGGGGGGGGGGGG	222333333333333333333333333333	GGGGGGGGGGGGGGGGGGGGGGGGGGGGGG	333333333333333333333333333333	f9d8bd7
PRJEB47428	R1	ERR7417025.fastq.gz	309002	40	1.0000	40	40	40	0	0							0.0000	0.0000	GGGGGGGGGGGGGGGGGGGGGGGGGGGGGG	333333333333333333333333333333	GGGGGGGGGGGGGGGGGGGGGGGGGGGGGG	333333333333333333333333444444	f9d8bd7
PRJEB47428	R1	ERR7417029.fastq.gz	156912	40	1.0000	40	40	40	0	0							0.0000	0.0000	GGGGGGGGGGGGGGGGGGGGGGGGGGGGGG	344444444444444444444444444444	GGGGGGGGGGGGGGGGGGGGGGGGGGGGGG	444444444444444444444444444444	f9d8bd7
PRJEB47428	R1	ERR7417033.fastq.gz	159993	40	1.0000	40	40	40	0	0							0.0000	0.0000	TTGGGGGTGGGGGGGGGGGGGGGGGGGGGG	333333323333333333333333333333	GGGGGGGGGGGGGGGGGGGGGGGGGGGGGG	333333333333333333333333333333	f9d8bd7
PRJEB47428	R1	ERR7417037.fastq.gz	179686	40	1.0000	40	40	40	0	0							0.0000	0.0000	GGGGGGGGGGGGGGGGGGGGGGGGGGGGGG	233333333333333333333333333333	GGGGGGGGGGGGGGGGGGGGGGGGGGGGGG	333333333333333333333333333333	f9d8bd7
PRJEB47428	R1	ERR7417041.fastq.gz	363456	40	1.0000	40	40	40	0	0							0.0000	0.0000	GGGGGGGGGGGGGGGGGGGGGGGGGGGGGG	333333333333333333333333333333	GGGGGGGGGGGGGGGGGGGGGGGGGGGGGG	333333333333333333333333333333	f9d8bd7
PRJEB47428	R1	ERR7417045.fastq.gz	389023	40	1.0000	40	40	40	0	0							0.0000	0.0000	GGGGGGGGGGGGGGGGGGGGGGGGGGGGGG	333333333333333333333333333333	GGGGGGGGGGGGGGGGGGGGGGGGGGGGGG	333333333333333333333333333333	f9d8bd7
PRJEB47428	R1	ERR7417049.fastq.gz	324605	40	1.0000	40	40	40	0	0							0.0000	0.0000	TTTTTTGGTGGGGTGGGGTTGGTGTGTGGG	332333332323322433332334333333	GGGTGGGGTTGGTGTGTGGGGGGGGGGTGG	233224333323343333333343434333	f9d8bd7
PRJEB47428	R1	ERR7417053.fastq.gz	151301	40	1.0000	40	40	40	0	0							0.0000	0.0000	TGGGGGGGGGGGGGGGGGGGGGGGGGGGGG	333332333332333333333333333333	GGGGGGGGGGGGGGGGGGGGGGGGGGGGGG	323333333333333333333333333334	f9d8bd7
PRJEB47428	R1	ERR7417057.fastq.gz	102747	40	1.0000	40	40	40	0	0							0.0000	0.0000	GGGGGGGGGGGGGGGGGGGGGGGGGGGGGG	333333333333333333333333333333	GGGGGGGGGGGGGGGGGGGGGGGGGGGGGG	333333333333333333333333333333	f9d8bd7
PRJEB47428	R1	ERR7417061.fastq.gz	196057	40	1.0000	40	40	40	0	0							0.0000	0.0000	GGGGGGGGGGGGGGGGGGGGGGGGGGGGGG	333333333333333333333333333333	GGGGGGGGGGGGGGGGGGGGGGGGGGGGGG	333333333333333333333333333333	f9d8bd7
PRJEB47428	R1	ERR7417065.fastq.gz	177935	40	1.0000	40	40	40	0	0							0.0000	0.0000	GGGGGGGGGGGGGGGGGGGGGGGGGGGGGG	333333333333333333333333333333	GGGGGGGGGGGGGGGGGGGGGGGGGGGGGG	333333333333333333333333333433	f9d8bd7
PRJEB47428	R1	ERR7417069.fastq.gz	152878	40	1.0000	40	40	40	0	0							0.0000	0.0000	TTTTTTTTTTTTTTTTTTTTTTTTTTTTTT	333333333333333333333333333333	TTTTTTTTTTTTTTTTTTTTTTTTTTTTTT	333333333333333333333333333333	f9d8bd7
PRJEB47428	R1	ERR7417073.fastq.gz	322273	40	1.0000	40	40	40	0	0							0.0000	0.0000	TTGGGGGGGGGGGGGGGGGGGGGGGGGGGG	322333333333333333333333333333	GGGGGGGGGGGGGGGGGGGGGGGGGGGGGG	333333333333333333333333333333	f9d8bd7
PRJEB47428	R1	ERR7416990.fastq.gz	507510	40	1.0000	40	40	40	0	0							0.0000	0.0000	GAAGGGGGGGGGGGGGGGGGGGGGGGGGGG	323333333333333333333333333333	GGGGGGGGGGGGGGGGGGGGGGGGGGGGGG	333333333333333333333333333334	f9d8bd7
PRJEB47428	R1	ERR7416994.fastq.gz	329584	40	1.0000	40	40	40	0	0							0.0000	0.0000	GGGGGGGGGGGGGGGGGGGGGGGGGGGGGG	222333222333332333333333333333	GGGGGGGGGGGGGGGGGGGGGGGGGGGGGG	333323333333333333333333333333	f9d8bd7
PRJEB47428	R1	ERR7416998.fastq.gz	458735	40	1.0000	40	40	40	0	0							0.0000	0.0000	GGGGGGGGGGGGGGGGGGGGGGGGGGGGGG	333333333333333333333333333333	GGGGGGGGGGGGGGGGGGGGGGGGGGGGGG	333333333333333333333333333333	f9d8bd7
PRJEB47428	R1	ERR7417002.fastq.gz	200343	40	1.0000	40	40	40	0	0							0.0000	0.0000	TGGGGGGGGGGGGGGGGGGGGGGGGGGGGG	333333333433433333334343334344	GGGGGGGGGGGGGGGGGGGGGGGGGGGGGG	334333333343433343444444444444	f9d8bd7
PRJEB47428	R1	ERR7417006.fastq.gz	199216	40	1.0000	40	40	40	0	0							0.0000	0.0000	GGGGGGGGGGGGGGGGGGGGGGGGGGGGGG	333344344334443334333434333333	GGGGGGGGGGGGGGGGGGGGGGGGGGGGGG	344433343334343333333334343434	f9d8bd7
PRJEB47428	R1	ERR7417010.fastq.gz	613735	40	1.0000	40	40	40	0	0							0.0000	0.0000	GACTCGGGGGGGGGGGGGGGGGGGGGGGGG	433432333333333333333333333333	GGGGGGGGGGGGGGGGGGGGGGGGGGGGGG	333333333333333333333333333333	f9d8bd7
PRJEB47428	R1	ERR7417014.fastq.gz	221256	40	1.0000	40	40	40	0	0							0.0000	0.0000	GGGGGGGGGGGGGGGGGGGGGGGGGGGGGG	333333333333333333333333333333	GGGGGGGGGGGGGGGGGGGGGGGGGGGGGG	333333333333333333333333333333	f9d8bd7
PRJEB47428	R1	ERR7417018.fastq.gz	242669	40	1.0000	40	40	40	0	0							0.0000	0.0000	GGGGGGGGGGGGGGGGGGGGGGGGGGGGGG	333333333333433333333333333333	GGGGGGGGGGGGGGGGGGGGGGGGGGGGGG	334333333333333333333343334334	f9d8bd7
PRJEB47428	R1	ERR7417026.fastq.gz	507864	40	1.0000	40	40	40	0	0							0.0000	0.0000	GGGGGGGGGGGGGGGGGGGGGGGGGGGGGG	333333333333333333333333333333	GGGGGGGGGGGGGGGGGGGGGGGGGGGGGG	333333333333333333333333344344	f9d8bd7
PRJEB47428	R1	ERR7417030.fastq.gz	245957	40	1.0000	40	40	40	0	0							0.0000	0.0000	GGGGGGGGGGGGGGGGGGGGGGGGGGGGGG	344444444444444444444444444444	GGGGGGGGGGGGGGGGGGGGGGGGGGGGGG	444444444444444444444444444444	f9d8bd7
PRJEB47428	R1	ERR7417034.fastq.gz	227388	40	1.0000	40	40	40	0	0							0.0000	0.0000	AGGGGGGGGGGGGGGGGGGGGGGGGGGGGG	333333333333333333333333333333	GGGGGGGGGGGGGGGGGGGGGGGGGGGGGG	333333333333333333333333333434	f9d8bd7
PRJEB47428	R1	ERR7417038.fastq.gz	331219	40	1.0000	40	40	40	0	0							0.0000	0.0000	TGGGGGGGGGGGGGGGGGGGGGGGGGGGGG	333333323333333333333333333333	GGGGGGGGGGGGGGGGGGGGGGGGGGGGGG	333333333333333333333333333333	f9d8bd7
PRJEB47428	R1	ERR7417042.fastq.gz	521791	40	1.0000	40	40	40	0	0							0.0000	0.0000	GGGGGGGGGGGGGGGGGGGGGGGGGGGGGG	333333333333333333333333333333	GGGGGGGGGGGGGGGGGGGGGGGGGGGGGG	333333333333333333333333333333	f9d8bd7
PRJEB47428	R1	ERR7417046.fastq.gz	513139	40	1.0000	40	40	40	0	0							0.0000	0.0000	GTGGGGGGGGGGGGGGGGGGGGGGGGGGGG	323333333333333333333333333333	GGGGGGGGGGGGGGGGGGGGGGGGGGGGGG	333333333333333333333333333333	f9d8bd7
PRJEB47428	R1	ERR7417050.fastq.gz	553480	40	1.0000	40	40	40	0	0							0.0000	0.0000	TTTTTGGGTGGGGGGGGGTTGGTGTGTGGG	432333332423322433232334333333	GGGGGGGGTTGGTGTGTGGGGGGGGGGTGG	233224332323343333333343434333	f9d8bd7
PRJEB47428	R1	ERR7417054.fastq.gz	262500	40	1.0000	40	40	40	0	0							0.0000	0.0000	TGGGGTGGGGGGGTGGGGGTGGGGGGGGGG	333332332222322333322333333333	GGGTGGGGGTGGGGGGGGGGGGGGGGGGGG	223223333223333333333333333334	f9d8bd7
PRJEB47428	R1	ERR7417058.fastq.gz	191617	40	1.0000	40	40	40	0	0							0.0000	0.0000	GGGGGGGGGGGGGGGGGGGGGGGGGGGGGG	333333333333333333333333333333	GGGGGGGGGGGGGGGGGGGGGGGGGGGGGG	333333333333333333333333333333	f9d8bd7
PRJEB47428	R1	ERR7417062.fastq.gz	392657	40	1.0000	40	40	40	0	0							0.0000	0.0000	GGGGGGGGGGGGGGGGGGGGGGGGGGGGGG	333333333333333333333333333333	GGGGGGGGGGGGGGGGGGGGGGGGGGGGGG	333333333333333333333333333333	f9d8bd7
PRJEB47428	R1	ERR7417066.fastq.gz	274844	40	1.0000	40	40	40	0	0							0.0000	0.0000	GGGGGGGGGGGGGGGGGGGGGGGGGGGGGG	333333333333333333333333333333	GGGGGGGGGGGGGGGGGGGGGGGGGGGGGG	333333333333333333333333333443	f9d8bd7
PRJEB47428	R1	ERR7417070.fastq.gz	207557	40	1.0000	40	40	40	0	0							0.0000	0.0000	TTTTTTTTTTTTTTTTTTTTTTTTTTTTTT	343333333333333333333333333333	TTTTTTTTTTTTTTTTTTTTTTTTTTTTCT	333333333333333333333333333333	f9d8bd7
PRJEB47428	R1	ERR7417074.fastq.gz	437479	40	1.0000	40	40	40	0	0							0.0000	0.0000	TGGGGGGGGGGGGGGGGGGGGGGGGGGGGG	322333333333333333333333333333	GGGGGGGGGGGGGGGGGGGGGGGGGGGGGG	333333333333333333333333333333	f9d8bd7
PRJEB47428	R1	ERR7417078.fastq.gz	304118	40	1.0000	40	40	40	0	0							0.0000	0.0000	GGGGGGGGGGGGGGGGGGGGGGGGGGGGGG	333333333333333333333333333333	GGGGGGGGGGGGGGGGGGGGGGGGGGGGGG	333333333333333333333333333333	f9d8bd7
PRJEB47428	R1	ERR7416991.fastq.gz	185896	40	1.0000	40	40	40	0	0							0.0000	0.0000	GAAGGGGGGGGGGGGGGGGGGGGGGGGGGG	322333333333333333333333333333	GGGGGGGGGGGGGGGGGGGGGGGGGGGGGG	333333333333333333333333333434	f9d8bd7
PRJEB47428	R1	ERR7416999.fastq.gz	248090	40	1.0000	40	40	40	0	0							0.0000	0.0000	GGGGGGGGGGGGGGGGGGGGGGGGGGGGGG	333233223333333333333333333333	GGGGGGGGGGGGGGGGGGGGGGGGGGGGGG	333333333333333333333333333333	f9d8bd7
PRJEB47428	R1	ERR7417003.fastq.gz	304467	40	1.0000	40	40	40	0	0							0.0000	0.0000	TGTGGGGGGGGGGGGGGGGGGGGTGGGGGG	443333334444434343344343334344	GGGGGGGGGGGGGTGGGGGGGGGGGGGGGG	444343433443433343444444444445	f9d8bd7
PRJEB47428	R1	ERR7417007.fastq.gz	159358	40	1.0000	40	40	40	0	0							0.0000	0.0000	GGGGGGGGGGGGGGGGGGGGGGGGGGGGGG	334444444444444444444444344344	GGGGGGGGGGGGGGGGGGGGGGGGGGGGGG	444444444444443443443434443434	f9d8bd7
PRJEB47428	R1	ERR7417011.fastq.gz	193576	40	1.0000	40	40	40	0	0							0.0000	0.0000	GACTCCGGGGGGGGGGGGGGGGGGGGGGGG	544543323333333323333333333333	GGGGGGGGGGGGGGGGGGGGGGGGGGGGGG	333333233333333333333333333334	f9d8bd7
PRJEB47428	R1	ERR7417015.fastq.gz	209047	40	1.0000	40	40	40	0	0							0.0000	0.0000	GGGGGGGGGTTTTTTTGGGGGGGGGGGGTG	333333323222222322333333323223	TTTTTTGGGGGGGGGGGGTGTGGGGGGGGG	222223223333333232233333333333	f9d8bd7
PRJEB47428	R1	ERR7417019.fastq.gz	154674	40	1.0000	40	40	40	0	0							0.0000	0.0000	GGGGGGGGGGGGGGGGGGGGGGGGGGGGGG	333434334344444433434434443344	GGGGGGGGGGGGGGGGGGGGGGGGGGGGGG	444444334344344433444444444434	f9d8bd7
PRJEB47428	R1	ERR7417023.fastq.gz	252247	40	1.0000	40	40	40	0	0							0.0000	0.0000	TTGGGGGTTTTTTTTTTTTTTTGGGGGTGG	333333222223222222222222222223	TTTTTTTTTTTTGGGGGTGGGGGGGGGGGC	232222222222222222233333333334	f9d8bd7
PRJEB47428	R1	ERR7417027.fastq.gz	226602	40	1.0000	40	40	40	0	0							0.0000	0.0000	GGGGGGGGGGGGGGGGGGGGGGGGGGGGGG	333333333333333333333333333333	GGGGGGGGGGGGGGGGGGGGGGGGGGGGGG	333333333333333333333333444344	f9d8bd7
PRJEB47428	R1	ERR7417031.fastq.gz	149506	40	1.0000	40	40	40	0	0							0.0000	0.0000	GGGGGGGGGGGGGGGGGGGGGGGGGGGGGG	344444444444444444444444444444	GGGGGGGGGGGGGGGGGGGGGGGGGGGGGG	444444444444444444444444444444	f9d8bd7
PRJEB47428	R1	ERR7417035.fastq.gz	167907	40	1.0000	40	40	40	0	0							0.0000	0.0000	AGGGGGGGGGGGGGGGGGGGGGGGGGGGGG	333333333333333333333333333333	GGGGGGGGGGGGGGGGGGGGGGGGGGGGGG	333333333333333333333333333444	f9d8bd7
PRJEB47428	R1	ERR7417039.fastq.gz	264860	40	1.0000	40	40	40	0	0							0.0000	0.0000	TGGGGGGTGGTTGGGGGGGGGGGGGGGGGG	333333222222322233333333333333	TTGGGGGGGGGGGGGGGGGGGGGGGGGGGG	223222333333333333333333333333	f9d8bd7
PRJEB47428	R1	ERR7417043.fastq.gz	223073	40	1.0000	40	40	40	0	0							0.0000	0.0000	GGGGGGGGGGGGGGGGGGGGGGGGGGGGGG	333333333333333333333333333333	GGGGGGGGGGGGGGGGGGGGGGGGGGGGGG	333333333333333333333333333333	f9d8bd7
PRJEB47428	R1	ERR7417047.fastq.gz	206330	40	1.0000	40	40	40	0	0							0.0000	0.0000	GTGGGGGGGGGGGGGGGGGGGGGGGGGGGG	333333333333333333333333333333	GGGGGGGGGGGGGGGGGGGGGGGGGGGGGG	333333333333333333333333333333	f9d8bd7
PRJEB47428	R1	ERR7417051.fastq.gz	209803	40	1.0000	40	40	40	0	0							0.0000	0.0000	TTGGTGGGTGGGGGGGGGTTGGTGGGGGGG	432333332423333433223334333333	GGGGGGGGTTGGTGGGGGGGGGGGGGGTGG	233334332233343333333343434333	f9d8bd7
PRJEB47428	R1	ERR7417055.fastq.gz	159782	40	1.0000	40	40	40	0	0							0.0000	0.0000	TGGGGTGGTTAAATAAAAGAAGGGGGGGGG	333332222222222332333223222232	AAATAAAAGAAGGGGGGGGGGGGGGGGGGG	222223323332232222323333333334	f9d8bd7
PRJEB47428	R1	ERR7417059.fastq.gz	167314	40	1.0000	40	40	40	0	0							0.0000	0.0000	GGGGGGGGGGGGGGGGGGGGGGGGGGGGGG	333333333333333333333333333333	GGGGGGGGGGGGGGGGGGGGGGGGGGGGGG	333333333333333333333333333333	f9d8bd7
PRJEB47428	R1	ERR7417063.fastq.gz	294094	40	1.0000	40	40	40	0	0							0.0000	0.0000	GGGGGGGGGGGGGGGGGGGGGGGGGGGGGG	333333333333333333333333333333	GGGGGGGGGGGGGGGGGGGGGGGGGGGGGG	333333333333333333333333333333	f9d8bd7
PRJEB47428	R1	ERR7417067.fastq.gz	155578	40	1.0000	40	40	40	0	0							0.0000	0.0000	CATGGTGAGGTGGAGGGAAGTGGTAGTGAA	333544436444435553443434344443	TGGAGGGAAGTGGTAGTGAAGGAGGTCGAG	444355534434343444434335543335	f9d8bd7
PRJEB47428	R1	ERR7417071.fastq.gz	229152	40	1.0000	40	40	40	0	0							0.0000	0.0000	TTTTTTTTTTTTTTTTTTTTTTTTTTTTTT	343333333343333333333333333333	TTTTTTTTTTTTTTTTTTTTTTTTTTTTCT	433333333333333333333434333433	f9d8bd7
PRJEB47428	R1	ERR7417075.fastq.gz	193881	40	1.0000	40	40	40	0	0							0.0000	0.0000	TGGGGGGGGGGGGGGGGGGGGGGGGGGGGG	333333333333333333333333333333	GGGGGGGGGGGGGGGGGGGGGGGGGGGGGG	333333333333333333333333333333	f9d8bd7
PRJEB47428	R1	ERR7417079.fastq.gz	133170	40	1.0000	40	40	40	0	0							0.0000	0.0000	GGGGGGGGGGGGGGGGGGGGGGGGGGGGGG	333333333333333333333333333333	GGGGGGGGGGGGGGGGGGGGGGGGGGGGGG	333333333333333333333333333333	f9d8bd7
PRJEB49150	R1	ERR8016766.fastq.gz	447391	40	1.0000	40	40	40	0	0							0.0000	0.0000	ATGTTTGTGGGGGGGTGTGGGGGGGGGTGG	333323232222333322223323333233	GGGGGTGTGGGGGGGGGTGGGGGGGTGGTG	223333222233233332333333333333	f9d8bd7
PRJEB49150	R1	ERR8016767.fastq.gz	158685	40	1.0000	40	40	40	0	0							0.0000	0.0000	GTGGGGGGGGGGGGGGGGGGGGGGGGGGGG	233322323333333333333333333333	GGGGGGGGGGGGGGGGGGGGGGGGGGGGCG	333333333333333333333333333323	f9d8bd7
PRJEB49150	R1	ERR8016768.fastq.gz	57172	40	1.0000	40	40	40	0	0							0.0000	0.0000	GTGGGGGGGGGGGGGGGGGGGGGGGGGGGG	323333333333333333333333333333	GGGGGGGGGGGGGGGGGGGGGGGGGGGGGG	333333333333333333333333333333	f9d8bd7
PRJEB49150	R1	ERR8016769.fastq.gz	299495	40	1.0000	40	40	40	0	0							0.0000	0.0000	TTTTTTTTTTTTTTTTTTTTTTTTTTTTTT	333322233333333333333332323333	TTTTTTTTTTTTTTTTTTTTTTTTTTTTTT	333333333333323233332333332322	f9d8bd7
PRJEB49150	R1	ERR8016770.fastq.gz	259882	40	1.0000	40	40	40	0	0							0.0000	0.0000	TTTTTTTTTTTTTTTTTTTTTTTTTTTTTT	333333333333333333333333333333	TTTTTTTTTTTTTTTTTTTTTTTTTTTTTT	333333333333333333332333333332	f9d8bd7
PRJEB49150	R1	ERR8016771.fastq.gz	155451	40	1.0000	40	40	40	0	0							0.0000	0.0000	TTTTTTTTTTTTTTTTTTTTTTTTTTTTTT	333333333333333333333333333333	TTTTTTTTTTTTTTTTTTTTTTTTTTTTTT	333333333333333333333333333333	f9d8bd7
PRJEB49150	R1	ERR8016772.fastq.gz	433804	40	1.0000	40	40	40	0	0							0.0000	0.0000	ACGGGGGGGGGGGGGGGGGGGGGGGGGGGG	334443333333434333333334333344	GGGGGGGGGGGGGGGGGGGGGGGGGGGGGG	334343333333343333444444444333	f9d8bd7
PRJEB49150	R1	ERR8016773.fastq.gz	213508	40	1.0000	40	40	40	0	0							0.0000	0.0000	GCGGGGGGGGGGGGGGGGGGGGGGGGGGGG	334433333333333333333333333333	GGGGGGGGGGGGGGGGGGGGGGGGGGGGGG	333333333333333333333334333333	f9d8bd7
PRJEB49150	R1	ERR8016774.fastq.gz	65141	40	1.0000	40	40	40	0	0							0.0000	0.0000	GGGGGGGGGGGGGGGGGGGGGGGGGGGGGG	323333333333333333333333333333	GGGGGGGGGGGGGGGGGGGGGGGGGGGGGG	333333333333333333333333333333	f9d8bd7
PRJEB14550	R1	ERR2270887.fastq.gz	186388	40	1.0000	40	40	40	0	0							0.0000	0.0000	CCCCCCCCCCCCCCCCCCCCCCCCCCCCCC	333333333333333333333333333333	CCCCCCCCCCCCCCCCCCCCCCCCCCCCCC	333333333333333333333333333333	f9d8bd7
PRJEB14550	R1	ERR2270888.fastq.gz	143389	40	1.0000	40	40	40	0	0							0.0000	0.0000	CCCCCCCCCCCCCCCCCCCCCCCCCCCCCC	333333333333333333333333333333	CCCCCCCCCCCCCCCCCCCCCCCCCCCCCC	333333333333333333333333333333	f9d8bd7
PRJEB14550	R1	ERR2270889.fastq.gz	304972	40	1.0000	40	40	40	0	0							0.0000	0.0000	CCCCCCCCCCCCCCCCCCCCCCCCCCCCCC	433333333333333333333332233333	CCCCCCCCCCCCCCCCCCCCCCCCCCCCCC	333333333333322333333333333323	f9d8bd7
PRJEB14550	R1	ERR2270890.fastq.gz	368734	40	1.0000	40	40	40	0	0							0.0000	0.0000	CCCCCCCCCCCCCACCACCCGCGAATCCCC	333334333333333333333323222333	CCCACCACCCGCGAATCCCCCCTCCCCCGC	333333333333232223333433443323	f9d8bd7
PRJEB14550	R1	ERR2270891.fastq.gz	225929	40	1.0000	40	40	40	0	0							0.0000	0.0000	ACAAACACACACCCACACACACCCCCACCC	233333232323232323232323232323	ACCCACACACACCCCCACCCACCCACCCCC	232323232323232323232323233333	f9d8bd7
PRJEB14550	R1	ERR2270892.fastq.gz	164768	40	1.0000	40	40	40	0	0							0.0000	0.0000	GTAAACACACACACACACACACACCCACCC	233333232323232323232223232323	ACACACACACACACCCACCCACACACCCCC	232323232322232323232322233333	f9d8bd7
PRJEB14550	R1	ERR2270893.fastq.gz	351445	40	1.0000	40	40	40	0	0							0.0000	0.0000	GTAAAAACACACACACACACACACCCACCC	444443232223222323222223232323	ACACACACACACACCCACCCACACACCCCC	232223232222232323232222233333	f9d8bd7
PRJEB14550	R1	ERR2270894.fastq.gz	436909	40	1.0000	40	40	40	0	0							0.0000	0.0000	GTAAAACCCCACCCACACACACCCCCCCCC	555554232223222323232223232323	ACCCACACACACCCCCCCCCACACACCCCC	232223232322232323232222233333	f9d8bd7
PRJNA360902	R1	SRR5188404.fastq.gz	10356	20	1.0000	20	20	20	0	0							0.0000	0.0000	CCCCCCCCCCCCCCCCCCCCNNNNNNNNNN	33333333333333333333----------	NNNNNNNNNNCCCCCCCCCCCCCCCCCCCC	----------33333333333333333333	f9d8bd7
PRJNA360902	R1	SRR5188411.fastq.gz	15868	20	1.0000	20	20	20	0	0							0.0000	0.0000	CCCCCCCCCCCCCCCCCCCCNNNNNNNNNN	33333333333333333333----------	NNNNNNNNNNCCCCCCCCCCCCCCCCCCCC	----------33333333333333333333	f9d8bd7
PRJNA360902	R1	SRR5188403.fastq.gz	36964	20	1.0000	20	20	20	0	0							0.0000	0.0000	CACCCCCCCCCCCCCCCCTCNNNNNNNNNN	33333333333333333234----------	NNNNNNNNNNCACCCCCCCCCCCCCCCCTC	----------33333333333333333234	f9d8bd7
PRJNA360902	R1	SRR5188410.fastq.gz	7467	20	1.0000	20	20	20	0	0							0.0000	0.0000	CCAACAAAAAACACCCACACNNNNNNNNNN	33222233232322232333----------	NNNNNNNNNNCCAACAAAAAACACCCACAC	----------33222233232322232333	f9d8bd7
PRJNA360902	R1	SRR5188402.fastq.gz	52217	20	1.0000	20	20	20	0	0							0.0000	0.0000	CAACAACCCCCCCCCACTTCNNNNNNNNNN	33233233333333334334----------	NNNNNNNNNNCAACAACCCCCCCCCACTTC	----------33233233333333334334	f9d8bd7
PRJNA360902	R1	SRR5188409.fastq.gz	39943	20	1.0000	20	20	20	0	0							0.0000	0.0000	CTATAAAAAAAAAAAAATAANNNNNNNNNN	22333333333333333332----------	NNNNNNNNNNCTATAAAAAAAAAAAAATAA	----------22333333333333333332	f9d8bd7
PRJNA360902	R1	SRR5188401.fastq.gz	47359	20	1.0000	20	20	20	0	0							0.0000	0.0000	CACCAACCCCCCCCCACTTCNNNNNNNNNN	33233333333333334345----------	NNNNNNNNNNCACCAACCCCCCCCCACTTC	----------33233333333333334345	f9d8bd7
PRJNA360902	R1	SRR5188408.fastq.gz	16789	20	1.0000	20	20	20	0	0							0.0000	0.0000	TTATTTTAAAAAAATAATAANNNNNNNNNN	34343333333333333343----------	NNNNNNNNNNTTATTTTAAAAAAATAATAA	----------34343333333333333343	f9d8bd7
PRJNA360902	R1	SRR5188400.fastq.gz	62692	20	1.0000	20	20	20	0	0							0.0000	0.0000	CACCAACCCCCCCCCACTTCNNNNNNNNNN	33333233333333334345----------	NNNNNNNNNNCACCAACCCCCCCCCACTTC	----------33333233333333334345	f9d8bd7
PRJNA360902	R1	SRR5188399.fastq.gz	563254	20	1.0000	20	20	20	0	0							0.0000	0.0000	CCCCAACCCCCCCCCACTTCNNNNNNNNNN	33333233332223334345----------	NNNNNNNNNNCCCCAACCCCCCCCCACTTC	----------33333233332223334345	f9d8bd7
PRJNA360902	R1	SRR5188406.fastq.gz	167277	20	1.0000	20	20	20	0	0							0.0000	0.0000	CTTATCTTTCGAATTAATAANNNNNNNNNN	38555566633354646474----------	NNNNNNNNNNCTTATCTTTCGAATTAATAA	----------38555566633354646474	f9d8bd7
PRJNA360902	R1	SRR5188398.fastq.gz	739225	20	1.0000	20	20	20	0	0							0.0000	0.0000	CCCCAGACCCCCACCACTTCNNNNNNNNNN	43333333332223335345----------	NNNNNNNNNNCCCCAGACCCCCACCACTTC	----------43333333332223335345	f9d8bd7
PRJNA360902	R1	SRR5188405.fastq.gz	94135	20	1.0000	20	20	20	0	0							0.0000	0.0000	CTTATCTTTCGAATTGATAANNNNNNNNNN	48666777744455747585----------	NNNNNNNNNNCTTATCTTTCGAATTGATAA	----------48666777744455747585	f9d8bd7
PRJNA678231	R1	SRR13053828.fastq.gz	3103349	51	1.0000	51	51	51	0	0							0.9651	0.0000	TCTTCGGTAGTATAGTGGTCAGTATCCAAA	733323333333333333333333332344	GTATCCAAAAATGGAAAGACCACCCTTTTA	333332344433474754435444434434	f9d8bd7
PRJNA678231	R1	SRR13053829.fastq.gz	2823413	51	1.0000	51	51	51	0	0							0.9754	0.0000	TCTTCGGTAATATAGTGGTCAGTATCAAAA	733323333333333333333333332344	GTATCAAAAAATGGGAAGACCACCCGTTTA	333332344433465754434444434334	f9d8bd7
PRJDB7022	R1	DRR129849.fastq.gz	1752254	51	1.0000	51	51	51	0	0							0.0000	0.0000	TGCTTGGACTACATATGGTTGAGGGTTGTA	998999998999999999999899989898	AGGGTTGTATGGAATTCTCGGGTGCCAAGG	899989898889889988889988898989	f9d8bd7
PRJDB7022	R1	DRR129850.fastq.gz	1735974	51	1.0000	51	51	51	0	0							0.0000	0.0000	TGCTTGGACTACATATGGTTGAGGGTTGTA	998999999999999999999999999998	AGGGTTGTATGGAATTCTCGGGTGCCAAGG	999999998989899988889988898989	f9d8bd7
PRJDB7022	R1	DRR129851.fastq.gz	2200150	51	1.0000	51	51	51	0	0							0.0000	0.0000	TGCTTGGACTACATATGGTTGAGGGTTGTA	998999998999999999999999989898	AGGGTTGTATGGAATTCTCGGGTGCCAAGG	999989898889898988889988898989	f9d8bd7
PRJNA746278	R1	SRR15122881.fastq.gz	3961944	76	0.2270	35	72	76	0	0							0.0177	0.0000	CCGGGGCTAGTAACGGCCGACAAAAAAAAA	667665434445534434334644444444	GAAAAAAAAAAAAAAAAAAAAAAAAAAAAA	334333333334445467777777777766	f9d8bd7
PRJNA746278	R1	SRR15122882.fastq.gz	3170722	76	0.2302	35	53	76	0	0							0.0277	0.0000	CCGGGGGAAGAAAAGAAAAAAAAAAAAAAA	556455333334333444445555555555	AAAAAAAAAAAAAAAAAAAAAAAAAAAAAA	344444443344444367777777777776	f9d8bd7
PRJDB2183	R1	DRR014210.fastq.gz	5930164	69	1.0000	69	69	69	0	0							0.0000	0.0000	ATAGAATTTGAGAAAAATAAAAGAATCTCG	432333332222233333233332555555	TTCTGCTTGAAAAAAAAAAAAAAAAAAAAA	765654654899999999888877776666	f9d8bd7
PRJDB2183	R1	DRR014211.fastq.gz	4264051	69	1.0000	69	69	69	0	0							0.0000	0.0000	ATTGGATTGAAGGGAGCTCTAATCTCCTCT	333333433334434333333444433534	TTCTTGAAAAAAAAAAAAAAAAAAAAAAAA	645542455888888888787777766665	f9d8bd7
PRJEB50674	R1	ERR8443070.fastq.gz	1833706	50	1.0000	50	50	50	0	0							0.0000	0.0000	CGCGGCATCGCTGGTCTAATGGTAGAATTT	322243332333343234334443333343	GGTAGAATTTCGTTTTGGGGGTTTCGGGGG	444333334322333333332333233433	f9d8bd7
PRJEB50674	R1	ERR8443072.fastq.gz	3935163	50	1.0000	50	50	50	0	0							0.0000	0.0000	CCCGGAATAACTAGGGAAGGGGTAGAATTA	322233232223333333323333323332	GGTAGAATTACATCTTTGGAGTTGGGGGGG	333332333222222223223233233332	f9d8bd7
PRJEB50674	R1	ERR8443073.fastq.gz	2916540	50	1.0000	50	50	50	0	0							0.0000	0.0000	CGCGGAATCTCTAGGCAAAGGGTGGATTTG	322233233234333334334333323332	GGTGGATTTGCTCCTCAGAAGATGAGGGGG	433332333233223222323333223322	f9d8bd7
PRJEB50674	R1	ERR8443074.fastq.gz	1848013	50	1.0000	50	50	50	0	0							0.0000	0.0000	CCCGAAATCTCTAGGGAAAGGGTGGATTGG	322233232233333333234333323332	GGTGGATTGGCTCCTTAGAAGATGTGGGGG	433332333232223232223233223322	f9d8bd7
PRJEB50674	R1	ERR8443075.fastq.gz	2420834	50	1.0000	50	50	50	0	0							0.0000	0.0000	CCCGGAATAACTAGGGAAGGGATAGGATTA	322233232223333333233333222322	GATAGGATTACTCCTAAGGAGTTGGGGGGG	333322232222222222223233223322	f9d8bd7
PRJEB50674	R1	ERR8443076.fastq.gz	3651473	50	1.0000	50	50	50	0	0							0.0000	0.0000	CCCGAATTGACTAGGGAAGGGATAGGATTA	322233232223333333223333223322	GATAGGATTACTTTTAAGGAGTTGGGGGGG	333322332222222222223233233322	f9d8bd7
PRJNA591605	R1	SRR10529648.fastq.gz	1087156	75	1.0000	75	75	75	0	0							0.0000	0.0000	TTCTAGGTTGGACAGTGCTTGGCGGGTTTC	323223332443323322333224322334	CTCCCGAGAAACTCAAATCCCCTATACCCT	333333322233333332323222323323	f9d8bd7
PRJNA591605	R1	SRR10529649.fastq.gz	1035576	75	1.0000	75	75	75	0	0							0.0000	0.0000	TCCTAGGTTGGACAGTGCTTGGGGGGTTTC	322223332433323322333224332334	CTCCCGACACACTTCCCTCTCCTTTCCCCC	333333322232333333323232334333	f9d8bd7
PRJNA591605	R1	SRR10529650.fastq.gz	943743	75	1.0000	75	75	75	0	0							0.0000	0.0000	TCCTACGTCGGATAGTGCTTGGCGGCTTTC	323323343433233333333334333334	CCCCCGAGGGAAAGAGATCTCGTGTAGCGT	323323223232333322323332333223	f9d8bd7
PRJNA591605	R1	SRR10529651.fastq.gz	2855084	75	1.0000	75	75	75	0	0							0.0000	0.0000	GCCTCCGTGGGTTAGTGGTTGTCGGGTTGC	323323342432334343343333233333	GTGCCAAGGAACCCAAATCCCGTAAAAATT	333433333333233432333333343323	f9d8bd7
PRJNA591605	R1	SRR10529652.fastq.gz	3266465	75	1.0000	75	75	75	0	0							0.0000	0.0000	GCCTCCGTGGTGTAGTGGTTGTCGCCTTGC	333323452433344444443333233333	GTGCCAAGGAACCCCCCCCCCGTGGCCCCC	333433333333344322334333344333	f9d8bd7
PRJNA591605	R1	SRR10529653.fastq.gz	2753215	75	1.0000	75	75	75	0	0							0.0000	0.0000	GCCTGGGTGGTGTAGTGGTTGTCGTCTCGC	332323343433334343333333233333	GGGCCAAGGAACCCCGGCCCCGGGGGGGTT	333333333333333332333333333223	f9d8bd7
PRJEB22637	R1	ALL	13757463	50	0.7864	47	50	52	23	24	0.0000	0.0000	0.0000	0.0000	0.0000	0.0000	0.0000	0.0000	ACCACCCCCCATCCCACCCCCCCCCCCGCA	234344333433533343353443444333	CCCCCCCCCACCCCCCCCCCCCCGCGCCCC	534444433343244344444433534545	f9d8bd7
PRJEB28411	R1	ALL	7488109	40	0.9865	1	40	40	18	18	0.0000	0.0000	0.0000	0.0000	0.0000	0.0000	0.0000	0.0000	GGGGGGGGGGGGGGGGGGGGGGGGGGGGGG	355343544444444343344444445443	GGGGGGGGGGGGGGGGGGGGGGGGGGGGGG	444443433444444454434444444344	f9d8bd7
PRJDB9110	R1	ALL	840620	89	0.6645	25	89	334	40	19	0.9421	0.8448	0.0000	0.0000	0.9119	0.8345	0.0000	0.0000	TAATACGACTCACTATAGGGAGCAGGAGAG	999999999999999999999999999999	GAGGGAACAGACCTATGCGTGCTAGTGTGA	223232323238888888888888888899	f9d8bd7
PRJDB9111	R1	ALL	467095	100	0.5066	25	100	202	37	23	0.9479	0.7525	0.0000	0.0000	0.9279	0.7530	0.0000	0.0000	TAATACGACTCACTATAGGGAGAACTTCGA	999999999999999999999999999999	CCCAAACTATGTGCGCATACATGGATCCTC	333332388887888888888888888888	f9d8bd7
PRJEB70964	R1	ALL	155139542	35	0.8909	33	35	37	23	23	0.0000	0.0000	0.0000	0.0000	0.0000	0.0000	0.0000	0.0000	ACACAAAAAAACAAAAAAAAAAAAACCCCC	333233333233333333323333323332	AAAAAACAAAAAAAAAAAAACCCCCCCCCA	333323333333332333332333233233	f9d8bd7
PRJNA990511	R1	ALL	9231	40	0.9275	21	40	227	20	20	0.0000	0.0000	0.0000	0.0000	0.0002	0.0000	0.0000	0.0000	GCCGCGGGGGGGGGGGGGGGGGGGGGGGTG	433333333344433333444443444332	GGGTGGGGGGGGGGGGGGTGGTCTTGGTGC	444333334444434443323333333333	f9d8bd7
PRJNA883192	R1	ALL	1945073	151	1.0000	151	151	151	16	15	0.9418	0.0000	0.0000	0.0000	0.9265	0.9246	0.9290	0.0000	ATGCCATCCTACCAACCCGGGGGGGGGGGG	999999999999999953455545444443	CCGTCTTCTGCTTGAAAAAAAAAAAAAAAA	988889888889889999999999987566	f9d8bd7
PRJNA883192	R2	ALL	1945073	151	1.0000	151	151	151	16	15	0.0000	0.0000	0.9464	0.0000	0.0000	0.0000	0.9258	0.0000	TCGAGTTCAGAGCTCCCCCCCCCCCCCCCC	999999999999999766544443434444	GTATCATTAAAAAAAAAAAATGTAGAACTA	877887988999999999853344443334	f9d8bd7
PRJNA615076	R1	ALL	3055932	86	0.7788	35	86	151	23	23	0.9121	0.8310	0.0001	0.0001	0.8760	0.8569	0.0000	0.0000	TAGGGAAGAGAAGGACATATGATCCTTCCC	999999999999999999999993332233	ATTTTCATTGACTAGTACATGACCACTTGA	222222299889999989898899899999	f9d8bd7
PRJNA615076	R2	ALL	3055932	86	0.7851	35	86	151	23	23	0.0001	0.0001	0.8889	0.8223	0.0001	0.0001	0.0000	0.0000	TCAAGTGGTCATGTACTAGTCAATAAAAAA	999999999999999999999992232222	GGGAAGGATCATATGTCCTTCTCTTCCCTA	222223389898998999998999999999	f9d8bd7
PRJNA809588	R1	ALL	331852778	99	0.8733	99	99	101	12	25	0.0000	0.0000	0.0000	0.0000	0.9692	0.3942	0.1580	0.0000	TTGGAGAGGACGATGCGGGCCATTTTTCCT	333436686444444486444334433433	GGGGGGTCCCGGGCATTGGATGGGAAGGGA	434654244444434553343345444444	f9d8bd7
PRJNA1395820	R1	ALL	3199891	150	1.0000	150	150	150	20	20	0.0013	0.0000	0.0000	0.0000	0.9660	0.9477	0.0000	0.0000	GTACACTGCACTGCGTTAGAGGTGGGGGTT	399999999999999999999333233333	ACATCTCGTATGCCGTCTTCTGCTTGAAAA	988887898888998889988989889987	f9d8bd7
PRJNA1395820	R2	ALL	3199891	150	1.0000	150	150	150	20	20	0.0000	0.0000	0.9938	0.0000	0.0000	0.0000	0.9793	0.0000	CAGTACTGTGACACGTCCATCACAAAAAAA	999999999999999999992332333333	GCGTGTAGATCTCGGTGGTCGCCGTATCAT	989898988988899899889999888889	f9d8bd7
PRJEB62495	R1	ALL	1595064	85	1.0000	85	85	85	20	20	0.9747	0.0002	0.0000	0.0000	0.9510	0.5652	0.0017	0.0000	GGCTTCTGGACTACCTATGCATCCGCAAAC	999999999999999999993343333533	CTTACCGTGGTTACAGTCAGAGGAGAGATT	333349998999888988888998668885	f9d8bd7
PRJDB19098	R1	ALL	243874	88	0.6318	25	88	188	35	18	0.9585	0.9088	0.0000	0.0000	0.9429	0.9061	0.0000	0.0000	TAATACGACTCACTATAGGGAAGCTCCGTC	999999999999999999999999999999	GGGGGAAAACAATACGCCTGCGTAGCTCCT	222222222222999999999999999999	f9d8bd7
PRJEB47428	R1	ALL	22310415	40	1.0000	40	40	40	0	0							0.0000	0.0000	GGGGGGGGGGGGGGGGGGGGGGGGGGGGGG	333333333333333333333333333333	GGGGGGGGGGGGGGGGGGGGGGGGGGGGGG	333333333333333333333333333333	f9d8bd7
PRJEB49150	R1	ALL	2090529	40	1.0000	40	40	40	0	0							0.0000	0.0000	ATGGGGGGGGGGGGGGGGGGGGGGGGGGGG	233332323333333333233333333233	GGGGGGGGGGGGGGGGGGGGGGGGGGGGTG	333333332333333332333333333322	f9d8bd7
PRJEB14550	R1	ALL	2182534	40	1.0000	40	40	40	0	0							0.0000	0.0000	GTAAACCCCCCCCCCCCCCCCCCCCCCCCC	233333333323333323332323232333	CCCCCCCCCCCCCCCCCCCCCCCCCCCCCC	233333233323232323333323333333	f9d8bd7
PRJNA360902	R1	ALL	1853546	20	1.0000	20	20	20	0	0							0.0000	0.0000	CACAACCCCCCAACTACTTCNNNNNNNNNN	32232322332232334334----------	NNNNNNNNNNCACAACCCCCCAACTACTTC	----------32232322332232334334	f9d8bd7
PRJNA678231	R1	ALL	5926762	51	1.0000	51	51	51	0	0							0.9700	0.0000	TCTTCGGTAGTATAGTGGTCAGTATCAAAA	733323333333333333333333332344	GTATCAAAAAATGGGAAGACCACCCTTTTA	333332344433464754434444434334	f9d8bd7
PRJDB7022	R1	ALL	5688378	51	1.0000	51	51	51	0	0							0.0000	0.0000	TGCTTGGACTACATATGGTTGAGGGTTGTA	998999998999999999999999989898	AGGGTTGTATGGAATTCTCGGGTGCCAAGG	999989898889898988889988898989	f9d8bd7
PRJNA746278	R1	ALL	7132666	76	0.2284	35	69	76	0	0							0.0221	0.0000	CCGGGGCTAGTAAAGAAAAAAAAAAAAAAA	656555334334434433344644444455	GAAAAAAAAAAAAAAAAAAAAAAAAAAAAA	344434333344444467777777777766	f9d8bd7
PRJDB2183	R1	ALL	10194215	69	1.0000	69	69	69	0	0							0.0000	0.0000	ATTGGATTGAAGGGAGTTATAATCATCTCG	333323333333333223233333444544	TTCTGCTTAAAAAAAAAAAAAAAAAAAAAA	755644544888999988888877766666	f9d8bd7
PRJEB50674	R1	ALL	16605729	50	1.0000	50	50	50	0	0							0.0000	0.0000	CGCGGAATAGCTAGGGAAAGGGTAGAATTT	322233232233333333234333323332	GGTAGAATTTCTTTTTTGGAGTTGGGGGGG	433332333222223223223233233332	f9d8bd7
PRJNA591605	R1	ALL	11941239	75	1.0000	75	75	75	0	0							0.0000	0.0000	GCCTGCGTGGGTTAGTGGTTGTCGGGTTGC	323323342432334333343333233333	GTCCCAAGGAACCCCAATCCCGTGGGCCCC	333333333333233322333323223333	f9d8bd7
