accession	expected_n	expected_full_length	observed_read_len_median	observed_read_len_range	n_reads_checked	architecture_evidence	read_state	evidence_note
PRJDB9110	30	72	89	25-334	840620	5'-TCACACTAGCACGCATAGG-30N-CATCTGACCTCTCTCCTGCTCCC-3' (Ozaki 2020 NAR M&M)	raw_standard	ALL READS, no sampling (benchmarks/verify_read_state.py at f9d8bd7; per-file rows in benchmarks/read_state_full.tsv): 840,620 reads in all 9 runs; length mode 89 nt (66.5% of reads), range 25-334. Published 5' constant at the read start in 94.2% of reads (anywhere 91.2%); published 3' constant at the read end in 84.5% (anywhere 83.5%). Positions with >=90% consensus support in the first / last 30 nt: 30 / 2; TruSeq R1 probe in 0.0% of reads. Raw full-length reads opening with the T7 promoter; both constants present -> recovery.
PRJDB9111	40	83	100	25-202	467095	5'-GAGGATCCATGTATGCGCACATA-40N-CTTCTGGTCGAAGTTCTCCC-3' (Ozaki 2020 NAR M&M)	raw_standard	ALL READS, no sampling (benchmarks/verify_read_state.py at f9d8bd7; per-file rows in benchmarks/read_state_full.tsv): 467,095 reads in all 4 runs; length mode 100 nt (50.7% of reads), range 25-202. Published 5' constant at the read start in 94.8% of reads (anywhere 92.8%); published 3' constant at the read end in 75.2% (anywhere 75.3%). Positions with >=90% consensus support in the first / last 30 nt: 30 / 0; TruSeq R1 probe in 0.0% of reads. Raw full-length reads opening with the T7 promoter; both constants present -> recovery.
PRJNA883192	40	71	151	151-151	1945073	DNA_L source-verified from Ali 2022 Sci Rep Table S1; deposited-read R2 consensus = TCGAGTTCAGAGCTC, revcomp = GAGCTCTGAACTCGA	raw_standard	ALL READS, no sampling (benchmarks/verify_read_state.py at f9d8bd7; per-file rows in benchmarks/read_state_full.tsv): 1,945,073 reads in all 2 runs; length mode 151 nt (100.0% of reads), range 151-151. Published 5' constant at the read start in 94.2% of reads (anywhere 92.7%); published 3' constant at the read end in 0.0% (anywhere 92.5%). R2: reverse-complemented 3' constant at the read start in 94.6%. Positions with >=90% consensus support in the first / last 30 nt: 16 / 14; TruSeq R1 probe in 92.9% of reads. Paired 151-nt mates: R1 carries the 5' constant, R2 opens with the reverse-complemented read-derived 3' constant. Scored out (verified=false) because that 3' truth is read-derived.
PRJEB70964	35	81	35	33-37	155139542	5'-CCTACACGACGCTCTTCCGATCT(N35)TCAGCCTCAACGGATACTCTCCC-3' (NAR 2024 M&M)	pre_trimmed	ALL READS, no sampling (benchmarks/verify_read_state.py at f9d8bd7; per-file rows in benchmarks/read_state_full.tsv): 155,139,542 reads in 17 of 27 runs (the other 10 have no FASTQ in ENA); length mode 35 nt (89.1% of reads), range 33-37. Published 5' constant at the read start in 0.0% of reads (anywhere 0.0%); published 3' constant at the read end in 0.0% (anywhere 0.0%). Positions with >=90% consensus support in the first / last 30 nt: 0 / 0; TruSeq R1 probe in 0.0% of reads. The reads are the N35 region alone: neither published constant occurs in any orientation and no position is conserved, so this is a pre-trimmed (specificity) deposit. ENA base_count/read_count gives 34.9 nt for all 27 runs, including the 10 without FASTQ. Reclassified 2026-09-26 from adapter_control: the earlier record (81-nt reads with both constants present, from a spot-check) was wrong.
PRJEB28411	40	76	40	1-40	7488109	5'-ATCCAGAGTGACGCAGCA-N40-TGGACACGGTGGCTTAGT-3' (Pleiko 2019 Sci Rep M&M)	pre_trimmed	ALL READS, no sampling (benchmarks/verify_read_state.py at f9d8bd7; per-file rows in benchmarks/read_state_full.tsv): 7,488,109 reads in all 12 runs; length mode 40 nt (98.7% of reads), range 1-40. Published 5' constant at the read start in 0.0% of reads (anywhere 0.0%); published 3' constant at the read end in 0.0% (anywhere 0.0%). Positions with >=90% consensus support in the first / last 30 nt: 0 / 0; TruSeq R1 probe in 0.0% of reads. Reads are the N40 region alone (a few shorter); constants absent -> specificity.
PRJEB22637	50	97	50	47-52	13757463	5'-GGGAGAUGAUCCGUUGAUGCGAG-(N50)-AAGUCGUCGUUCGUAGGCAGAAUC-3' (Cibiel 2014 PLOS ONE M&M)	pre_trimmed	ALL READS, no sampling (benchmarks/verify_read_state.py at f9d8bd7; per-file rows in benchmarks/read_state_full.tsv): 13,757,463 reads in 15 of 16 runs (the other 1 carry no parseable round label and were not fetched); length mode 50 nt (78.6% of reads), range 47-52. Published 5' constant at the read start in 0.0% of reads (anywhere 0.0%); published 3' constant at the read end in 0.0% (anywhere 0.0%). Positions with >=90% consensus support in the first / last 30 nt: 0 / 0; TruSeq R1 probe in 0.0% of reads. Reads are the N50 region alone (47-52 nt); constants absent -> specificity.
PRJNA990511	40	80	40	21-227	9231	5'-ATTGGCACTCCACGCATAGG-(N)40-CCTATGCGTGCTACCGTGAA-3' (Hu 2024 Sci Rep Table S3)	pre_trimmed	ALL READS, no sampling (benchmarks/verify_read_state.py at f9d8bd7; per-file rows in benchmarks/read_state_full.tsv): 9,231 reads in all 1 runs; length mode 40 nt (92.8% of reads), range 21-227. Published 5' constant at the read start in 0.0% of reads (anywhere 0.0%); published 3' constant at the read end in 0.0% (anywhere 0.0%). Positions with >=90% consensus support in the first / last 30 nt: 0 / 0; TruSeq R1 probe in 0.0% of reads. Reads are the N40 region alone, from a single small run; constants absent -> specificity.
PRJNA615076	40	86	86	35-151	3055932	5'-TAGGGAAGAGAAGGACATATGAT-N40-TTGACTAGTACATGACCACTTGA-3' (Kolm 2020 Sci Rep M&M; paired DNA whole-cell SELEX vs E. faecalis)	raw_standard	ALL READS, no sampling (benchmarks/verify_read_state.py at f9d8bd7; per-file rows in benchmarks/read_state_full.tsv): 3,055,932 reads in all 11 runs; length mode 86 nt (77.9% of reads), range 35-151. Published 5' constant at the read start in 91.2% of reads (anywhere 87.6%); published 3' constant at the read end in 83.1% (anywhere 85.7%). R2: reverse-complemented 3' constant at the read start in 88.9%. Positions with >=90% consensus support in the first / last 30 nt: 23 / 16; TruSeq R1 probe in 0.0% of reads. Both constants in R1; R2 opens with the reverse-complemented 3' constant -> recovery.
PRJNA809588	40	77	99	99-101	331852778	Sullenger 2'F-RNA SUL library (Van Simaeys 2022 Nat Commun Supp Table 3); read-oriented 5'=AGGACGATGCGG (SUL5' core), 3'=CAGACGACTCGCTGAGGATCCGAGA (revcomp SUL3'/template-5')	raw_standard	ALL READS, no sampling (benchmarks/verify_read_state.py at f9d8bd7; per-file rows in benchmarks/read_state_full.tsv): 331,852,778 reads in 10 of 12 runs (the other 2 carry no parseable round label and were not fetched); length mode 99 nt (87.3% of reads), range 99-101. Published 5' constant at the read start in 0.0% of reads (anywhere 96.9%); published 3' constant at the read end in 0.0% (anywhere 39.4%). Positions with >=90% consensus support in the first / last 30 nt: 0 / 0; TruSeq R1 probe in 15.8% of reads. Every run carries its own inline tags outside both constants, differing in sequence and length between runs (5' tags ACTGAG, CTGAG, TAAGCG, GTCAATG/TTCAATG, ACGCTGAG). The published 5' constant occurs in 93-98% of the reads of every run but at a run-specific offset, so it is never at the read start and the pooled positional profile is flat (per-run profiles in read_state_full.tsv). The exact 25-nt 3' constant occurs in 3-93% of reads depending on the run.
PRJNA1395820	40	80	150	150-150	3199891	Library Supp Table 4 (Gao 2026 Nat Commun): /FAM/-TACACTGCACTGCGTTAGAG-N40-ATGGACGTGTCACAGTACTG; RP-1 biotin CAGTACTGTGACACGTCCAT = revcomp(3')	raw_standard	ALL READS, no sampling (benchmarks/verify_read_state.py at f9d8bd7; per-file rows in benchmarks/read_state_full.tsv): 3,199,891 reads in all 1 runs; length mode 150 nt (100.0% of reads), range 150-150. Published 5' constant at the read start in 0.1% of reads (anywhere 96.6%); published 3' constant at the read end in 0.0% (anywhere 94.8%). R2: reverse-complemented 3' constant at the read start in 99.4%. Positions with >=90% consensus support in the first / last 30 nt: 20 / 10; TruSeq R1 probe in 0.0% of reads. The 5' constant follows one heterogeneous leading base, so it is almost never at position 1 but occurs in 96.6% of R1 reads; R2 opens with the reverse-complemented 3' constant. Paired split primers.
PRJEB62495	40	80	85	85-85	1595064	Paper library 5'-CTCCTCTGACTGTAACCACG-N40-GCATAGGTAGTCCAGAAGCC-3' (Le Dortz 2024 Sci Rep); reads RC-oriented -> read flanks = revcomps (5'=GGCTTCTGGACTACCTATGC, 3'=CGTGGTTACAGTCAGAGGAG)	raw_standard	ALL READS, no sampling (benchmarks/verify_read_state.py at f9d8bd7; per-file rows in benchmarks/read_state_full.tsv): 1,595,064 reads in all 12 runs; length mode 85 nt (100.0% of reads), range 85-85. Published 5' constant at the read start in 97.5% of reads (anywhere 95.1%); published 3' constant at the read end in 0.0% (anywhere 56.5%). Positions with >=90% consensus support in the first / last 30 nt: 20 / 9; TruSeq R1 probe in 0.2% of reads. Reads are 85 nt = 20 + N40 + 20 + a 5-nt tail, so the 3' constant never sits at the read end. The exact published 3' constant occurs in 57% of reads overall and differs by run: 31% in ERR11470025 and ERR11470027, whose consensus carries C at the constant's 20th base, 43% in ERR11470033, and 76-93% in the other nine runs. The earlier 95% figure came from 65,393 reads, the size of run ERR11470028 alone.
PRJDB19098	35	88	88	25-188	243874	5'-TAATACGACTCACTATAGGGAAGCTCCGTCGAGCT-35N-TACGCCTGCGTAGCTCCT-3' (RIBOMIC patent WO2020204151, SEQ ID NO 39-41)	raw_standard	ALL READS, no sampling (benchmarks/verify_read_state.py at f9d8bd7; per-file rows in benchmarks/read_state_full.tsv): 243,874 reads in all 6 runs; length mode 88 nt (63.2% of reads), range 25-188. Published 5' constant at the read start in 95.9% of reads (anywhere 94.3%); published 3' constant at the read end in 90.9% (anywhere 90.6%). Positions with >=90% consensus support in the first / last 30 nt: 30 / 18; TruSeq R1 probe in 0.0% of reads. Raw full-length reads opening with the T7 promoter; both constants present -> recovery.
PRJEB47428	40		40	40-40	22310415	randomised region 40 nt per the ENA study record (40N randomised region)	pre_trimmed	ALL READS, no sampling (benchmarks/verify_read_state.py at f9d8bd7; per-file rows in benchmarks/read_state_full.tsv): 22,310,415 reads in 88 of 92 runs (the other 4 carry no parseable round label and were not fetched); length mode 40 nt (100.0% of reads), range 40-40. Positions with >=90% consensus support in the first / last 30 nt: 0 / 0; TruSeq R1 probe in 0.0% of reads. Reads are exactly the randomised region; no position is conserved -> specificity.
PRJEB49150	40		40	40-40	2090529	randomised region 40 nt per the ENA study record (40 bp randomised region)	pre_trimmed	ALL READS, no sampling (benchmarks/verify_read_state.py at f9d8bd7; per-file rows in benchmarks/read_state_full.tsv): 2,090,529 reads in all 9 runs; length mode 40 nt (100.0% of reads), range 40-40. Positions with >=90% consensus support in the first / last 30 nt: 0 / 0; TruSeq R1 probe in 0.0% of reads. Reads are exactly the randomised region; no position is conserved -> specificity.
PRJEB14550	40		40	40-40	2182534	randomised region 40 nt per the ENA study record (40 nt randomised region)	pre_trimmed	ALL READS, no sampling (benchmarks/verify_read_state.py at f9d8bd7; per-file rows in benchmarks/read_state_full.tsv): 2,182,534 reads in all 8 runs; length mode 40 nt (100.0% of reads), range 40-40. Positions with >=90% consensus support in the first / last 30 nt: 0 / 0; TruSeq R1 probe in 0.0% of reads. Reads are exactly the randomised region; no position is conserved -> specificity.
PRJNA360902	20		20	20-20	1853546	randomised region 20 nt per the SRA submitter record; no publication citing this accession was found in Europe PMC, so the stated length is archive-sourced rather than paper-sourced	pre_trimmed	ALL READS, no sampling (benchmarks/verify_read_state.py at f9d8bd7; per-file rows in benchmarks/read_state_full.tsv): 1,853,546 reads in 13 of 14 runs (the other 1 carry no parseable round label and were not fetched); length mode 20 nt (100.0% of reads), range 20-20. Positions with >=90% consensus support in the first / last 30 nt: 0 / 0; TruSeq R1 probe in 0.0% of reads. Reads are exactly the randomised region; no position is conserved -> specificity.
PRJNA678231			51	51-51	5926762	non-SELEX ncRNA-Seq; no randomised region by design	adapter_control	ALL READS, no sampling (benchmarks/verify_read_state.py at f9d8bd7; per-file rows in benchmarks/read_state_full.tsv): 5,926,762 reads in all 2 runs; length mode 51 nt (100.0% of reads), range 51-51. Positions with >=90% consensus support in the first / last 30 nt: 0 / 0; TruSeq R1 probe in 97.0% of reads. Non-SELEX small-RNA reads. The TruSeq R1 probe occurs in 97% of reads but at variable positions (inserts differ in length), so no position near either read end is conserved above 80%.
PRJDB7022			51	51-51	5688378	non-SELEX miRNA-Seq; no randomised region by design	adapter_control	ALL READS, no sampling (benchmarks/verify_read_state.py at f9d8bd7; per-file rows in benchmarks/read_state_full.tsv): 5,688,378 reads in 3 of 4 runs (the other 1 carry no parseable round label and were not fetched); length mode 51 nt (100.0% of reads), range 51-51. Positions with >=90% consensus support in the first / last 30 nt: 25 / 14; TruSeq R1 probe in 0.0% of reads. One 51-nt sequence dominates the pool: every position in the first and last 30 nt is conserved at 80% or more.
PRJNA746278			69	35-76	7132666	non-SELEX ncRNA-Seq; no randomised region by design	adapter_control	ALL READS, no sampling (benchmarks/verify_read_state.py at f9d8bd7; per-file rows in benchmarks/read_state_full.tsv): 7,132,666 reads in all 2 runs; length mode 76 nt (22.8% of reads), range 35-76. Positions with >=90% consensus support in the first / last 30 nt: 0 / 0; TruSeq R1 probe in 2.2% of reads. Variable-length reads (35-76 nt) ending in a poly-A stretch conserved at 60-79%; TruSeq R1 probe in 2.2% of reads.
PRJDB2183			69	69-69	10194215	non-SELEX miRNA-Seq; no randomised region by design	adapter_control	ALL READS, no sampling (benchmarks/verify_read_state.py at f9d8bd7; per-file rows in benchmarks/read_state_full.tsv): 10,194,215 reads in all 2 runs; length mode 69 nt (100.0% of reads), range 69-69. Positions with >=90% consensus support in the first / last 30 nt: 0 / 4; TruSeq R1 probe in 0.0% of reads. Reads end in a poly-A stretch conserved at up to 99%; no TruSeq R1 probe.
PRJEB50674			50	50-50	16605729	non-SELEX miRNA-Seq; no randomised region by design	adapter_control	ALL READS, no sampling (benchmarks/verify_read_state.py at f9d8bd7; per-file rows in benchmarks/read_state_full.tsv): 16,605,729 reads in all 6 runs; length mode 50 nt (100.0% of reads), range 50-50. Positions with >=90% consensus support in the first / last 30 nt: 0 / 0; TruSeq R1 probe in 0.0% of reads. No position conserved above 50% at either end and no TruSeq R1 probe: no technical sequence is detectable at a fixed position.
PRJNA591605			75	75-75	11941239	non-SELEX ncRNA-Seq; no randomised region by design	adapter_control	ALL READS, no sampling (benchmarks/verify_read_state.py at f9d8bd7; per-file rows in benchmarks/read_state_full.tsv): 11,941,239 reads in all 6 runs; length mode 75 nt (100.0% of reads), range 75-75. Positions with >=90% consensus support in the first / last 30 nt: 0 / 0; TruSeq R1 probe in 0.0% of reads. No position conserved above 50% at either end and no TruSeq R1 probe: no technical sequence is detectable at a fixed position.
